category,rank_in_category,supplier_id,supplier_name,amount_rub,share_pct,cum_share_pct,in_core_80,suppliers_for_80pct,suppliers_total,category_turnover_mln_rub
(нет в справочнике),1,S1008,"АО ""ТехКомплект-8 Групп""",44141494,2.29,2.29,t,73,120,1930.5
(нет в справочнике),2,S1001,"АО ""ВолгаТех-1 Групп""",38496489,1.99,4.28,t,73,120,1930.5
(нет в справочнике),3,S1059,"ООО ""Севергруз-59""",37461581,1.94,6.22,t,73,120,1930.5
(нет в справочнике),4,S1068,"ИП ""УралДеталь-68""",35247273,1.83,8.05,t,73,120,1930.5
(нет в справочнике),5,S1022,"ООО ""АльфаСнаб-22""",32500533,1.68,9.73,t,73,120,1930.5
(нет в справочнике),6,S1041,"ИП ""СибирьОпт-41""",31579242,1.64,11.37,t,73,120,1930.5
(нет в справочнике),7,S1086,"АО ""ВолгаТех-86""",30618938,1.59,12.95,t,73,120,1930.5
(нет в справочнике),8,S1043,"ПАО ""ВолгаТех-43""",30130747,1.56,14.51,t,73,120,1930.5
(нет в справочнике),9,S1039,"АО ""ВолгаТех-39""",29975973,1.55,16.07,t,73,120,1930.5
(нет в справочнике),10,S1090,"ООО ""БетаТрейд-90""",28823575,1.49,17.56,t,73,120,1930.5
(нет в справочнике),11,S1050,"ИП ""ГидроПром-50""",28433624,1.47,19.03,t,73,120,1930.5
(нет в справочнике),12,S1099,"АО ""ЭлектроМир-99""",27628681,1.43,20.46,t,73,120,1930.5
(нет в справочнике),13,S1110,"ООО ""ЭлектроМир-110""",27528716,1.43,21.89,t,73,120,1930.5
(нет в справочнике),14,S1005,"ИП ""Севергруз-5 Групп""",26047675,1.35,23.24,t,73,120,1930.5
(нет в справочнике),15,S1015,"ООО ""ГидроПром-15 Групп""",25745530,1.33,24.57,t,73,120,1930.5
(нет в справочнике),16,S1103,"ИП ""СибирьОпт-103""",25228910,1.31,25.88,t,73,120,1930.5
(нет в справочнике),17,S1087,"ООО ""СтанкоСервис-87""",24949459,1.29,27.17,t,73,120,1930.5
(нет в справочнике),18,S1027,"ИП ""БетаТрейд-27""",24628533,1.28,28.45,t,73,120,1930.5
(нет в справочнике),19,S1091,"ИП ""ТехКомплект-91""",24485578,1.27,29.72,t,73,120,1930.5
(нет в справочнике),20,S1116,"ИП ""Севергруз-116""",23971079,1.24,30.96,t,73,120,1930.5
(нет в справочнике),21,S1025,"ИП ""АльфаСнаб-25""",23605403,1.22,32.18,t,73,120,1930.5
(нет в справочнике),22,S1030,"ИП ""ПромСнаб-30""",23536632,1.22,33.40,t,73,120,1930.5
(нет в справочнике),23,S1036,"АО ""ВолгаТех-36""",23247501,1.20,34.60,t,73,120,1930.5
(нет в справочнике),24,S1102,"ООО ""СибирьОпт-102""",23130210,1.20,35.80,t,73,120,1930.5
(нет в справочнике),25,S1003,"АО ""МеталлТорг-3 Групп""",22920668,1.19,36.99,t,73,120,1930.5
(нет в справочнике),26,S1080,"ИП ""СибирьОпт-80""",22774244,1.18,38.17,t,73,120,1930.5
(нет в справочнике),27,S1070,"АО ""МеталлТорг-70""",22603558,1.17,39.34,t,73,120,1930.5
(нет в справочнике),28,S1051,"ИП ""ЭпсилонТех-51""",22584896,1.17,40.51,t,73,120,1930.5
(нет в справочнике),29,S1006,"АО ""УралДеталь-6 Групп""",22564061,1.17,41.68,t,73,120,1930.5
(нет в справочнике),30,S1002,"ПАО ""ЭпсилонТех-2 Групп""",22560231,1.17,42.85,t,73,120,1930.5
(нет в справочнике),31,S1064,"ИП ""ВолгаТех-64""",22487430,1.16,44.01,t,73,120,1930.5
(нет в справочнике),32,S1042,"ООО ""УралДеталь-42""",21520150,1.11,45.13,t,73,120,1930.5
(нет в справочнике),33,S1076,"ООО ""МеталлТорг-76""",21364378,1.11,46.23,t,73,120,1930.5
(нет в справочнике),34,S1120,"ИП ""Севергруз-120""",20981641,1.09,47.32,t,73,120,1930.5
(нет в справочнике),35,S1083,"ПАО ""ЭлектроМир-83""",20714274,1.07,48.39,t,73,120,1930.5
(нет в справочнике),36,S1021,"ПАО ""ГаммаПром-21""",20672963,1.07,49.46,t,73,120,1930.5
(нет в справочнике),37,S1016,"ПАО ""ЭпсилонТех-16""",20513166,1.06,50.53,t,73,120,1930.5
(нет в справочнике),38,S1061,"ИП ""ПромСнаб-61""",19899541,1.03,51.56,t,73,120,1930.5
(нет в справочнике),39,S1067,"ИП ""УралДеталь-67""",19763299,1.02,52.58,t,73,120,1930.5
(нет в справочнике),40,S1034,"АО ""СтанкоСервис-34""",19470735,1.01,53.59,t,73,120,1930.5
(нет в справочнике),41,S1044,"АО ""ГидроПром-44""",19326580,1.00,54.59,t,73,120,1930.5
(нет в справочнике),42,S1100,"ООО ""СтанкоСервис-100""",19069406,0.99,55.58,t,73,120,1930.5
(нет в справочнике),43,S1079,"ПАО ""ЭпсилонТех-79""",18667961,0.97,56.55,t,73,120,1930.5
(нет в справочнике),44,S1108,"ИП ""УралДеталь-108""",18535448,0.96,57.51,t,73,120,1930.5
(нет в справочнике),45,S1115,"АО ""МеталлТорг-115""",18253706,0.95,58.45,t,73,120,1930.5
(нет в справочнике),46,S1038,"ИП ""БетаТрейд-38""",18022423,0.93,59.38,t,73,120,1930.5
(нет в справочнике),47,S1106,"ИП ""ТехКомплект-106""",17747086,0.92,60.30,t,73,120,1930.5
(нет в справочнике),48,S1040,"ИП ""УралДеталь-40""",17650292,0.91,61.22,t,73,120,1930.5
(нет в справочнике),49,S1026,"ИП ""ЭлектроМир-26""",17468674,0.90,62.12,t,73,120,1930.5
(нет в справочнике),50,S1029,"ООО ""МеталлТорг-29""",17153514,0.89,63.01,t,73,120,1930.5
(нет в справочнике),51,S1032,"ПАО ""Севергруз-32""",16691046,0.86,63.88,t,73,120,1930.5
(нет в справочнике),52,S1004,"ПАО ""ГаммаПром-4 Групп""",16677775,0.86,64.74,t,73,120,1930.5
(нет в справочнике),53,S1065,"АО ""ГидроПром-65""",16005037,0.83,65.57,t,73,120,1930.5
(нет в справочнике),54,S1046,"АО ""ВолгаТех-46""",16001036,0.83,66.40,t,73,120,1930.5
(нет в справочнике),55,S1109,"ПАО ""СибирьОпт-109""",15852908,0.82,67.22,t,73,120,1930.5
(нет в справочнике),56,S1054,"ООО ""СибирьОпт-54""",15843710,0.82,68.04,t,73,120,1930.5
(нет в справочнике),57,S1007,"ПАО ""ДельтаЛогистик-7 Групп""",15488047,0.80,68.84,t,73,120,1930.5
(нет в справочнике),58,S1114,"ИП ""СтанкоСервис-114""",15474577,0.80,69.64,t,73,120,1930.5
(нет в справочнике),59,S1092,"ООО ""МеталлТорг-92""",14686504,0.76,70.40,t,73,120,1930.5
(нет в справочнике),60,S1113,"ПАО ""СтанкоСервис-113""",14519920,0.75,71.16,t,73,120,1930.5
(нет в справочнике),61,S1075,"ИП ""ПромСнаб-75""",14270475,0.74,71.90,t,73,120,1930.5
(нет в справочнике),62,S1057,"ПАО ""ЭлектроМир-57""",14144780,0.73,72.63,t,73,120,1930.5
(нет в справочнике),63,S1085,"ООО ""ПромСнаб-85""",13890005,0.72,73.35,t,73,120,1930.5
(нет в справочнике),64,S1111,"ООО ""СибирьОпт-111""",13784763,0.71,74.06,t,73,120,1930.5
(нет в справочнике),65,S1105,"АО ""АльфаСнаб-105""",13575444,0.70,74.77,t,73,120,1930.5
(нет в справочнике),66,S1082,"ПАО ""ГидроПром-82""",13362821,0.69,75.46,t,73,120,1930.5
(нет в справочнике),67,S1069,"ПАО ""Севергруз-69""",13230373,0.69,76.14,t,73,120,1930.5
(нет в справочнике),68,S1014,"ИП ""ЭпсилонТех-14 Групп""",13216825,0.68,76.83,t,73,120,1930.5
(нет в справочнике),69,S1093,"АО ""УралДеталь-93""",13139036,0.68,77.51,t,73,120,1930.5
(нет в справочнике),70,S1020,"ООО ""Севергруз-20""",13094080,0.68,78.19,t,73,120,1930.5
(нет в справочнике),71,S1058,"ПАО ""Севергруз-58""",13072260,0.68,78.86,t,73,120,1930.5
(нет в справочнике),72,S1101,"АО ""ЭлектроМир-101""",12871003,0.67,79.53,t,73,120,1930.5
(нет в справочнике),73,S1066,"АО ""ВолгаТех-66""",12792256,0.66,80.19,t,73,120,1930.5
(нет в справочнике),74,S1072,"ПАО ""ЭпсилонТех-72""",12789034,0.66,80.86,f,73,120,1930.5
(нет в справочнике),75,S1088,"ИП ""Севергруз-88""",12347037,0.64,81.50,f,73,120,1930.5
(нет в справочнике),76,S1078,"ООО ""ДельтаЛогистик-78""",11801976,0.61,82.11,f,73,120,1930.5
(нет в справочнике),77,S1019,"ИП ""АльфаСнаб-19""",11703856,0.61,82.71,f,73,120,1930.5
(нет в справочнике),78,S1028,"ИП ""БетаТрейд-28""",11548885,0.60,83.31,f,73,120,1930.5
(нет в справочнике),79,S1048,"ООО ""ДельтаЛогистик-48""",11494100,0.60,83.91,f,73,120,1930.5
(нет в справочнике),80,S1045,"ООО ""ТехКомплект-45""",11117177,0.58,84.48,f,73,120,1930.5
(нет в справочнике),81,S1104,"ИП ""ГидроПром-104""",11039376,0.57,85.05,f,73,120,1930.5
(нет в справочнике),82,S1049,"АО ""СтанкоСервис-49""",10770863,0.56,85.61,f,73,120,1930.5
(нет в справочнике),83,S1056,"ПАО ""ВолгаТех-56""",10733375,0.56,86.17,f,73,120,1930.5
(нет в справочнике),84,S1095,"ПАО ""ЭлектроМир-95""",10682892,0.55,86.72,f,73,120,1930.5
(нет в справочнике),85,S1018,"АО ""ЭпсилонТех-18""",10584106,0.55,87.27,f,73,120,1930.5
(нет в справочнике),86,S1053,"АО ""ТехКомплект-53""",10555496,0.55,87.82,f,73,120,1930.5
(нет в справочнике),87,S1012,"ПАО ""АльфаСнаб-12 Групп""",10135659,0.53,88.34,f,73,120,1930.5
(нет в справочнике),88,S1097,"ООО ""ВолгаТех-97""",10072242,0.52,88.86,f,73,120,1930.5
(нет в справочнике),89,S1071,"ИП ""ГаммаПром-71""",10025986,0.52,89.38,f,73,120,1930.5
(нет в справочнике),90,S1010,"ПАО ""ГидроПром-10 Групп""",9447972,0.49,89.87,f,73,120,1930.5
(нет в справочнике),91,S1084,"ИП ""ДельтаЛогистик-84""",9417271,0.49,90.36,f,73,120,1930.5
(нет в справочнике),92,S1096,"ООО ""СибирьОпт-96""",9402231,0.49,90.85,f,73,120,1930.5
(нет в справочнике),93,S1009,"ИП ""ДельтаЛогистик-9 Групп""",9308331,0.48,91.33,f,73,120,1930.5
(нет в справочнике),94,S1117,"ООО ""БетаТрейд-117""",9295914,0.48,91.81,f,73,120,1930.5
(нет в справочнике),95,S1089,"ПАО ""АльфаСнаб-89""",9229323,0.48,92.29,f,73,120,1930.5
(нет в справочнике),96,S1112,"ПАО ""УралДеталь-112""",9202433,0.48,92.77,f,73,120,1930.5
(нет в справочнике),97,S1119,"ИП ""СтанкоСервис-119""",9179780,0.48,93.24,f,73,120,1930.5
(нет в справочнике),98,S1073,"ИП ""АльфаСнаб-73""",9011732,0.47,93.71,f,73,120,1930.5
(нет в справочнике),99,S1031,"ПАО ""ЭпсилонТех-31""",8235146,0.43,94.13,f,73,120,1930.5
(нет в справочнике),100,S1081,"АО ""ЭпсилонТех-81""",7878750,0.41,94.54,f,73,120,1930.5
(нет в справочнике),101,S1011,"ООО ""ПромСнаб-11 Групп""",7633352,0.40,94.94,f,73,120,1930.5
(нет в справочнике),102,S1055,"АО ""ЭпсилонТех-55""",7438300,0.39,95.32,f,73,120,1930.5
(нет в справочнике),103,S1033,"АО ""ГаммаПром-33""",7414854,0.38,95.71,f,73,120,1930.5
(нет в справочнике),104,S1052,"ПАО ""УралДеталь-52""",7298707,0.38,96.09,f,73,120,1930.5
(нет в справочнике),105,S1094,"ПАО ""ТехКомплект-94""",7268134,0.38,96.46,f,73,120,1930.5
(нет в справочнике),106,S1023,"ИП ""Севергруз-23""",7174263,0.37,96.83,f,73,120,1930.5
(нет в справочнике),107,S1062,"АО ""ПромСнаб-62""",7143718,0.37,97.20,f,73,120,1930.5
(нет в справочнике),108,S1047,"АО ""ЭлектроМир-47""",7141132,0.37,97.57,f,73,120,1930.5
(нет в справочнике),109,S1077,"ИП ""ЭлектроМир-77""",6833283,0.35,97.93,f,73,120,1930.5
(нет в справочнике),110,S1060,"ООО ""ЭпсилонТех-60""",6798977,0.35,98.28,f,73,120,1930.5
(нет в справочнике),111,S1107,"ПАО ""БетаТрейд-107""",5433232,0.28,98.56,f,73,120,1930.5
(нет в справочнике),112,S1098,"ПАО ""СтанкоСервис-98""",4954381,0.26,98.82,f,73,120,1930.5
(нет в справочнике),113,S1037,"ИП ""ТехКомплект-37""",4575211,0.24,99.05,f,73,120,1930.5
(нет в справочнике),114,S1013,"ПАО ""ГаммаПром-13 Групп""",4060444,0.21,99.27,f,73,120,1930.5
(нет в справочнике),115,S1017,"ООО ""ГидроПром-17""",3899535,0.20,99.47,f,73,120,1930.5
(нет в справочнике),116,S1024,"ПАО ""СибирьОпт-24""",2574853,0.13,99.60,f,73,120,1930.5
(нет в справочнике),117,S1118,"ООО ""СтанкоСервис-118""",2366205,0.12,99.72,f,73,120,1930.5
(нет в справочнике),118,S1063,"ПАО ""СибирьОпт-63""",2086996,0.11,99.83,f,73,120,1930.5
(нет в справочнике),119,S1074,"ООО ""ЭлектроМир-74""",1813727,0.09,99.93,f,73,120,1930.5
(нет в справочнике),120,S1035,"ООО ""АльфаСнаб-35""",1444968,0.07,100.00,f,73,120,1930.5
Инструмент,1,S1015,"ООО ""ГидроПром-15 Групп""",74740552,2.04,2.04,t,77,120,3670.5
Инструмент,2,S1050,"ИП ""ГидроПром-50""",70566886,1.92,3.96,t,77,120,3670.5
Инструмент,3,S1001,"АО ""ВолгаТех-1 Групп""",68919872,1.88,5.84,t,77,120,3670.5
Инструмент,4,S1054,"ООО ""СибирьОпт-54""",64644017,1.76,7.60,t,77,120,3670.5
Инструмент,5,S1018,"АО ""ЭпсилонТех-18""",62849575,1.71,9.31,t,77,120,3670.5
Инструмент,6,S1029,"ООО ""МеталлТорг-29""",61717157,1.68,10.99,t,77,120,3670.5
Инструмент,7,S1043,"ПАО ""ВолгаТех-43""",58625982,1.60,12.59,t,77,120,3670.5
Инструмент,8,S1119,"ИП ""СтанкоСервис-119""",57037647,1.55,14.14,t,77,120,3670.5
Инструмент,9,S1025,"ИП ""АльфаСнаб-25""",52480868,1.43,15.57,t,77,120,3670.5
Инструмент,10,S1102,"ООО ""СибирьОпт-102""",52014049,1.42,16.99,t,77,120,3670.5
Инструмент,11,S1026,"ИП ""ЭлектроМир-26""",50687977,1.38,18.37,t,77,120,3670.5
Инструмент,12,S1028,"ИП ""БетаТрейд-28""",50608931,1.38,19.75,t,77,120,3670.5
Инструмент,13,S1009,"ИП ""ДельтаЛогистик-9 Групп""",49371533,1.35,21.09,t,77,120,3670.5
Инструмент,14,S1039,"АО ""ВолгаТех-39""",48236030,1.31,22.41,t,77,120,3670.5
Инструмент,15,S1099,"АО ""ЭлектроМир-99""",46750893,1.27,23.68,t,77,120,3670.5
Инструмент,16,S1053,"АО ""ТехКомплект-53""",44960936,1.22,24.91,t,77,120,3670.5
Инструмент,17,S1008,"АО ""ТехКомплект-8 Групп""",43608368,1.19,26.09,t,77,120,3670.5
Инструмент,18,S1048,"ООО ""ДельтаЛогистик-48""",43583238,1.19,27.28,t,77,120,3670.5
Инструмент,19,S1118,"ООО ""СтанкоСервис-118""",42546279,1.16,28.44,t,77,120,3670.5
Инструмент,20,S1077,"ИП ""ЭлектроМир-77""",42491391,1.16,29.60,t,77,120,3670.5
Инструмент,21,S1086,"АО ""ВолгаТех-86""",41071404,1.12,30.72,t,77,120,3670.5
Инструмент,22,S1051,"ИП ""ЭпсилонТех-51""",40751678,1.11,31.83,t,77,120,3670.5
Инструмент,23,S1117,"ООО ""БетаТрейд-117""",40473518,1.10,32.93,t,77,120,3670.5
Инструмент,24,S1038,"ИП ""БетаТрейд-38""",40278801,1.10,34.03,t,77,120,3670.5
Инструмент,25,S1111,"ООО ""СибирьОпт-111""",39831048,1.09,35.11,t,77,120,3670.5
Инструмент,26,S1040,"ИП ""УралДеталь-40""",39811393,1.08,36.20,t,77,120,3670.5
Инструмент,27,S1024,"ПАО ""СибирьОпт-24""",39048726,1.06,37.26,t,77,120,3670.5
Инструмент,28,S1073,"ИП ""АльфаСнаб-73""",39014759,1.06,38.32,t,77,120,3670.5
Инструмент,29,S1110,"ООО ""ЭлектроМир-110""",38822966,1.06,39.38,t,77,120,3670.5
Инструмент,30,S1057,"ПАО ""ЭлектроМир-57""",38648196,1.05,40.44,t,77,120,3670.5
Инструмент,31,S1068,"ИП ""УралДеталь-68""",38283823,1.04,41.48,t,77,120,3670.5
Инструмент,32,S1115,"АО ""МеталлТорг-115""",38090861,1.04,42.52,t,77,120,3670.5
Инструмент,33,S1064,"ИП ""ВолгаТех-64""",37388462,1.02,43.53,t,77,120,3670.5
Инструмент,34,S1112,"ПАО ""УралДеталь-112""",37241581,1.01,44.55,t,77,120,3670.5
Инструмент,35,S1056,"ПАО ""ВолгаТех-56""",36645027,1.00,45.55,t,77,120,3670.5
Инструмент,36,S1065,"АО ""ГидроПром-65""",36546830,1.00,46.54,t,77,120,3670.5
Инструмент,37,S1013,"ПАО ""ГаммаПром-13 Групп""",35693432,0.97,47.52,t,77,120,3670.5
Инструмент,38,S1103,"ИП ""СибирьОпт-103""",35290549,0.96,48.48,t,77,120,3670.5
Инструмент,39,S1109,"ПАО ""СибирьОпт-109""",34861023,0.95,49.43,t,77,120,3670.5
Инструмент,40,S1030,"ИП ""ПромСнаб-30""",34771996,0.95,50.37,t,77,120,3670.5
Инструмент,41,S1005,"ИП ""Севергруз-5 Групп""",34035955,0.93,51.30,t,77,120,3670.5
Инструмент,42,S1019,"ИП ""АльфаСнаб-19""",33523915,0.91,52.21,t,77,120,3670.5
Инструмент,43,S1079,"ПАО ""ЭпсилонТех-79""",32721844,0.89,53.11,t,77,120,3670.5
Инструмент,44,S1020,"ООО ""Севергруз-20""",32627645,0.89,54.00,t,77,120,3670.5
Инструмент,45,S1080,"ИП ""СибирьОпт-80""",32415540,0.88,54.88,t,77,120,3670.5
Инструмент,46,S1002,"ПАО ""ЭпсилонТех-2 Групп""",32151873,0.88,55.75,t,77,120,3670.5
Инструмент,47,S1027,"ИП ""БетаТрейд-27""",31880825,0.87,56.62,t,77,120,3670.5
Инструмент,48,S1066,"АО ""ВолгаТех-66""",31863675,0.87,57.49,t,77,120,3670.5
Инструмент,49,S1093,"АО ""УралДеталь-93""",31670176,0.86,58.35,t,77,120,3670.5
Инструмент,50,S1098,"ПАО ""СтанкоСервис-98""",30935642,0.84,59.20,t,77,120,3670.5
Инструмент,51,S1088,"ИП ""Севергруз-88""",30276116,0.82,60.02,t,77,120,3670.5
Инструмент,52,S1113,"ПАО ""СтанкоСервис-113""",30098293,0.82,60.84,t,77,120,3670.5
Инструмент,53,S1037,"ИП ""ТехКомплект-37""",29939768,0.82,61.66,t,77,120,3670.5
Инструмент,54,S1022,"ООО ""АльфаСнаб-22""",29859416,0.81,62.47,t,77,120,3670.5
Инструмент,55,S1090,"ООО ""БетаТрейд-90""",29750326,0.81,63.28,t,77,120,3670.5
Инструмент,56,S1071,"ИП ""ГаммаПром-71""",29672544,0.81,64.09,t,77,120,3670.5
Инструмент,57,S1032,"ПАО ""Севергруз-32""",29481597,0.80,64.89,t,77,120,3670.5
Инструмент,58,S1085,"ООО ""ПромСнаб-85""",29293476,0.80,65.69,t,77,120,3670.5
Инструмент,59,S1105,"АО ""АльфаСнаб-105""",28917102,0.79,66.48,t,77,120,3670.5
Инструмент,60,S1094,"ПАО ""ТехКомплект-94""",28875546,0.79,67.27,t,77,120,3670.5
Инструмент,61,S1006,"АО ""УралДеталь-6 Групп""",28850694,0.79,68.05,t,77,120,3670.5
Инструмент,62,S1070,"АО ""МеталлТорг-70""",28651425,0.78,68.83,t,77,120,3670.5
Инструмент,63,S1107,"ПАО ""БетаТрейд-107""",28243909,0.77,69.60,t,77,120,3670.5
Инструмент,64,S1036,"АО ""ВолгаТех-36""",28202067,0.77,70.37,t,77,120,3670.5
Инструмент,65,S1095,"ПАО ""ЭлектроМир-95""",28144473,0.77,71.14,t,77,120,3670.5
Инструмент,66,S1101,"АО ""ЭлектроМир-101""",28024335,0.76,71.90,t,77,120,3670.5
Инструмент,67,S1058,"ПАО ""Севергруз-58""",27962800,0.76,72.66,t,77,120,3670.5
Инструмент,68,S1067,"ИП ""УралДеталь-67""",27866512,0.76,73.42,t,77,120,3670.5
Инструмент,69,S1045,"ООО ""ТехКомплект-45""",27834630,0.76,74.18,t,77,120,3670.5
Инструмент,70,S1062,"АО ""ПромСнаб-62""",27657723,0.75,74.93,t,77,120,3670.5
Инструмент,71,S1104,"ИП ""ГидроПром-104""",27601342,0.75,75.68,t,77,120,3670.5
Инструмент,72,S1120,"ИП ""Севергруз-120""",27375337,0.75,76.43,t,77,120,3670.5
Инструмент,73,S1106,"ИП ""ТехКомплект-106""",26650229,0.73,77.16,t,77,120,3670.5
Инструмент,74,S1011,"ООО ""ПромСнаб-11 Групп""",26613379,0.73,77.88,t,77,120,3670.5
Инструмент,75,S1014,"ИП ""ЭпсилонТех-14 Групп""",26241634,0.71,78.60,t,77,120,3670.5
Инструмент,76,S1114,"ИП ""СтанкоСервис-114""",26088242,0.71,79.31,t,77,120,3670.5
Инструмент,77,S1089,"ПАО ""АльфаСнаб-89""",26059478,0.71,80.02,t,77,120,3670.5
Инструмент,78,S1087,"ООО ""СтанкоСервис-87""",24982585,0.68,80.70,f,77,120,3670.5
Инструмент,79,S1042,"ООО ""УралДеталь-42""",24942553,0.68,81.38,f,77,120,3670.5
Инструмент,80,S1016,"ПАО ""ЭпсилонТех-16""",24734814,0.67,82.05,f,77,120,3670.5
Инструмент,81,S1046,"АО ""ВолгаТех-46""",24354082,0.66,82.71,f,77,120,3670.5
Инструмент,82,S1060,"ООО ""ЭпсилонТех-60""",24304997,0.66,83.38,f,77,120,3670.5
Инструмент,83,S1108,"ИП ""УралДеталь-108""",23722101,0.65,84.02,f,77,120,3670.5
Инструмент,84,S1012,"ПАО ""АльфаСнаб-12 Групп""",22848163,0.62,84.65,f,77,120,3670.5
Инструмент,85,S1083,"ПАО ""ЭлектроМир-83""",22583135,0.62,85.26,f,77,120,3670.5
Инструмент,86,S1076,"ООО ""МеталлТорг-76""",22114653,0.60,85.86,f,77,120,3670.5
Инструмент,87,S1078,"ООО ""ДельтаЛогистик-78""",21622525,0.59,86.45,f,77,120,3670.5
Инструмент,88,S1052,"ПАО ""УралДеталь-52""",21127554,0.58,87.03,f,77,120,3670.5
Инструмент,89,S1035,"ООО ""АльфаСнаб-35""",21061259,0.57,87.60,f,77,120,3670.5
Инструмент,90,S1061,"ИП ""ПромСнаб-61""",19997556,0.54,88.15,f,77,120,3670.5
Инструмент,91,S1044,"АО ""ГидроПром-44""",19773118,0.54,88.69,f,77,120,3670.5
Инструмент,92,S1021,"ПАО ""ГаммаПром-21""",19615306,0.53,89.22,f,77,120,3670.5
Инструмент,93,S1081,"АО ""ЭпсилонТех-81""",19443059,0.53,89.75,f,77,120,3670.5
Инструмент,94,S1084,"ИП ""ДельтаЛогистик-84""",19327045,0.53,90.28,f,77,120,3670.5
Инструмент,95,S1033,"АО ""ГаммаПром-33""",18796722,0.51,90.79,f,77,120,3670.5
Инструмент,96,S1055,"АО ""ЭпсилонТех-55""",18585449,0.51,91.29,f,77,120,3670.5
Инструмент,97,S1049,"АО ""СтанкоСервис-49""",18067949,0.49,91.79,f,77,120,3670.5
Инструмент,98,S1096,"ООО ""СибирьОпт-96""",17931726,0.49,92.28,f,77,120,3670.5
Инструмент,99,S1047,"АО ""ЭлектроМир-47""",17186905,0.47,92.74,f,77,120,3670.5
Инструмент,100,S1010,"ПАО ""ГидроПром-10 Групп""",17107685,0.47,93.21,f,77,120,3670.5
Инструмент,101,S1091,"ИП ""ТехКомплект-91""",16822406,0.46,93.67,f,77,120,3670.5
Инструмент,102,S1063,"ПАО ""СибирьОпт-63""",16579060,0.45,94.12,f,77,120,3670.5
Инструмент,103,S1003,"АО ""МеталлТорг-3 Групп""",16353753,0.45,94.57,f,77,120,3670.5
Инструмент,104,S1023,"ИП ""Севергруз-23""",16333229,0.44,95.01,f,77,120,3670.5
Инструмент,105,S1017,"ООО ""ГидроПром-17""",15790091,0.43,95.44,f,77,120,3670.5
Инструмент,106,S1059,"ООО ""Севергруз-59""",15481529,0.42,95.86,f,77,120,3670.5
Инструмент,107,S1069,"ПАО ""Севергруз-69""",15360939,0.42,96.28,f,77,120,3670.5
Инструмент,108,S1041,"ИП ""СибирьОпт-41""",15160600,0.41,96.69,f,77,120,3670.5
Инструмент,109,S1034,"АО ""СтанкоСервис-34""",15126554,0.41,97.11,f,77,120,3670.5
Инструмент,110,S1075,"ИП ""ПромСнаб-75""",12399732,0.34,97.44,f,77,120,3670.5
Инструмент,111,S1097,"ООО ""ВолгаТех-97""",11399761,0.31,97.75,f,77,120,3670.5
Инструмент,112,S1004,"ПАО ""ГаммаПром-4 Групп""",11309329,0.31,98.06,f,77,120,3670.5
Инструмент,113,S1031,"ПАО ""ЭпсилонТех-31""",11156939,0.30,98.37,f,77,120,3670.5
Инструмент,114,S1074,"ООО ""ЭлектроМир-74""",10623412,0.29,98.66,f,77,120,3670.5
Инструмент,115,S1092,"ООО ""МеталлТорг-92""",10455674,0.28,98.94,f,77,120,3670.5
Инструмент,116,S1082,"ПАО ""ГидроПром-82""",10343489,0.28,99.22,f,77,120,3670.5
Инструмент,117,S1007,"ПАО ""ДельтаЛогистик-7 Групп""",10118450,0.28,99.50,f,77,120,3670.5
Инструмент,118,S1100,"ООО ""СтанкоСервис-100""",9165769,0.25,99.75,f,77,120,3670.5
Инструмент,119,S1116,"ИП ""Севергруз-116""",6395533,0.17,99.92,f,77,120,3670.5
Инструмент,120,S1072,"ПАО ""ЭпсилонТех-72""",2866898,0.08,100.00,f,77,120,3670.5
Кабель,1,S1015,"ООО ""ГидроПром-15 Групп""",74064017,2.08,2.08,t,81,120,3553.2
Кабель,2,S1004,"ПАО ""ГаммаПром-4 Групп""",67808952,1.91,3.99,t,81,120,3553.2
Кабель,3,S1050,"ИП ""ГидроПром-50""",67805101,1.91,5.90,t,81,120,3553.2
Кабель,4,S1043,"ПАО ""ВолгаТех-43""",58515012,1.65,7.55,t,81,120,3553.2
Кабель,5,S1066,"АО ""ВолгаТех-66""",55649013,1.57,9.11,t,81,120,3553.2
Кабель,6,S1051,"ИП ""ЭпсилонТех-51""",53553500,1.51,10.62,t,81,120,3553.2
Кабель,7,S1019,"ИП ""АльфаСнаб-19""",51885270,1.46,12.08,t,81,120,3553.2
Кабель,8,S1022,"ООО ""АльфаСнаб-22""",50770992,1.43,13.51,t,81,120,3553.2
Кабель,9,S1045,"ООО ""ТехКомплект-45""",48872518,1.38,14.89,t,81,120,3553.2
Кабель,10,S1036,"АО ""ВолгаТех-36""",47221249,1.33,16.21,t,81,120,3553.2
Кабель,11,S1034,"АО ""СтанкоСервис-34""",46636550,1.31,17.53,t,81,120,3553.2
Кабель,12,S1008,"АО ""ТехКомплект-8 Групп""",46578211,1.31,18.84,t,81,120,3553.2
Кабель,13,S1009,"ИП ""ДельтаЛогистик-9 Групп""",46432244,1.31,20.14,t,81,120,3553.2
Кабель,14,S1104,"ИП ""ГидроПром-104""",46006757,1.29,21.44,t,81,120,3553.2
Кабель,15,S1029,"ООО ""МеталлТорг-29""",44578449,1.25,22.69,t,81,120,3553.2
Кабель,16,S1048,"ООО ""ДельтаЛогистик-48""",43591165,1.23,23.92,t,81,120,3553.2
Кабель,17,S1106,"ИП ""ТехКомплект-106""",41914726,1.18,25.10,t,81,120,3553.2
Кабель,18,S1103,"ИП ""СибирьОпт-103""",41630635,1.17,26.27,t,81,120,3553.2
Кабель,19,S1001,"АО ""ВолгаТех-1 Групп""",40620891,1.14,27.42,t,81,120,3553.2
Кабель,20,S1120,"ИП ""Севергруз-120""",39994893,1.13,28.54,t,81,120,3553.2
Кабель,21,S1073,"ИП ""АльфаСнаб-73""",38738553,1.09,29.63,t,81,120,3553.2
Кабель,22,S1018,"АО ""ЭпсилонТех-18""",38469217,1.08,30.71,t,81,120,3553.2
Кабель,23,S1074,"ООО ""ЭлектроМир-74""",38386530,1.08,31.79,t,81,120,3553.2
Кабель,24,S1020,"ООО ""Севергруз-20""",37822929,1.06,32.86,t,81,120,3553.2
Кабель,25,S1097,"ООО ""ВолгаТех-97""",37124234,1.04,33.90,t,81,120,3553.2
Кабель,26,S1081,"АО ""ЭпсилонТех-81""",37095754,1.04,34.95,t,81,120,3553.2
Кабель,27,S1072,"ПАО ""ЭпсилонТех-72""",36952959,1.04,35.99,t,81,120,3553.2
Кабель,28,S1054,"ООО ""СибирьОпт-54""",36854437,1.04,37.02,t,81,120,3553.2
Кабель,29,S1016,"ПАО ""ЭпсилонТех-16""",35817687,1.01,38.03,t,81,120,3553.2
Кабель,30,S1079,"ПАО ""ЭпсилонТех-79""",35673759,1.00,39.04,t,81,120,3553.2
Кабель,31,S1031,"ПАО ""ЭпсилонТех-31""",35380149,1.00,40.03,t,81,120,3553.2
Кабель,32,S1002,"ПАО ""ЭпсилонТех-2 Групп""",34832494,0.98,41.01,t,81,120,3553.2
Кабель,33,S1112,"ПАО ""УралДеталь-112""",34591644,0.97,41.99,t,81,120,3553.2
Кабель,34,S1067,"ИП ""УралДеталь-67""",34590631,0.97,42.96,t,81,120,3553.2
Кабель,35,S1111,"ООО ""СибирьОпт-111""",34496758,0.97,43.93,t,81,120,3553.2
Кабель,36,S1017,"ООО ""ГидроПром-17""",34474227,0.97,44.90,t,81,120,3553.2
Кабель,37,S1030,"ИП ""ПромСнаб-30""",34270927,0.96,45.87,t,81,120,3553.2
Кабель,38,S1099,"АО ""ЭлектроМир-99""",33961282,0.96,46.82,t,81,120,3553.2
Кабель,39,S1064,"ИП ""ВолгаТех-64""",33251287,0.94,47.76,t,81,120,3553.2
Кабель,40,S1070,"АО ""МеталлТорг-70""",32494956,0.91,48.67,t,81,120,3553.2
Кабель,41,S1098,"ПАО ""СтанкоСервис-98""",32477743,0.91,49.59,t,81,120,3553.2
Кабель,42,S1006,"АО ""УралДеталь-6 Групп""",32360062,0.91,50.50,t,81,120,3553.2
Кабель,43,S1065,"АО ""ГидроПром-65""",31969925,0.90,51.40,t,81,120,3553.2
Кабель,44,S1057,"ПАО ""ЭлектроМир-57""",31895161,0.90,52.29,t,81,120,3553.2
Кабель,45,S1059,"ООО ""Севергруз-59""",31579018,0.89,53.18,t,81,120,3553.2
Кабель,46,S1107,"ПАО ""БетаТрейд-107""",31492672,0.89,54.07,t,81,120,3553.2
Кабель,47,S1025,"ИП ""АльфаСнаб-25""",31236499,0.88,54.95,t,81,120,3553.2
Кабель,48,S1101,"АО ""ЭлектроМир-101""",30990289,0.87,55.82,t,81,120,3553.2
Кабель,49,S1117,"ООО ""БетаТрейд-117""",30865253,0.87,56.69,t,81,120,3553.2
Кабель,50,S1069,"ПАО ""Севергруз-69""",30829270,0.87,57.56,t,81,120,3553.2
Кабель,51,S1108,"ИП ""УралДеталь-108""",30824140,0.87,58.42,t,81,120,3553.2
Кабель,52,S1110,"ООО ""ЭлектроМир-110""",30765794,0.87,59.29,t,81,120,3553.2
Кабель,53,S1096,"ООО ""СибирьОпт-96""",30431445,0.86,60.15,t,81,120,3553.2
Кабель,54,S1012,"ПАО ""АльфаСнаб-12 Групп""",30290088,0.85,61.00,t,81,120,3553.2
Кабель,55,S1039,"АО ""ВолгаТех-39""",29400960,0.83,61.83,t,81,120,3553.2
Кабель,56,S1032,"ПАО ""Севергруз-32""",29133883,0.82,62.65,t,81,120,3553.2
Кабель,57,S1062,"АО ""ПромСнаб-62""",29045752,0.82,63.46,t,81,120,3553.2
Кабель,58,S1075,"ИП ""ПромСнаб-75""",29009852,0.82,64.28,t,81,120,3553.2
Кабель,59,S1055,"АО ""ЭпсилонТех-55""",28887853,0.81,65.09,t,81,120,3553.2
Кабель,60,S1007,"ПАО ""ДельтаЛогистик-7 Групп""",28769514,0.81,65.90,t,81,120,3553.2
Кабель,61,S1049,"АО ""СтанкоСервис-49""",28632558,0.81,66.71,t,81,120,3553.2
Кабель,62,S1105,"АО ""АльфаСнаб-105""",28284381,0.80,67.50,t,81,120,3553.2
Кабель,63,S1085,"ООО ""ПромСнаб-85""",26658796,0.75,68.25,t,81,120,3553.2
Кабель,64,S1094,"ПАО ""ТехКомплект-94""",26353191,0.74,69.00,t,81,120,3553.2
Кабель,65,S1013,"ПАО ""ГаммаПром-13 Групп""",26141513,0.74,69.73,t,81,120,3553.2
Кабель,66,S1003,"АО ""МеталлТорг-3 Групп""",25835713,0.73,70.46,t,81,120,3553.2
Кабель,67,S1046,"АО ""ВолгаТех-46""",25749951,0.72,71.18,t,81,120,3553.2
Кабель,68,S1087,"ООО ""СтанкоСервис-87""",25013491,0.70,71.89,t,81,120,3553.2
Кабель,69,S1042,"ООО ""УралДеталь-42""",24721516,0.70,72.58,t,81,120,3553.2
Кабель,70,S1116,"ИП ""Севергруз-116""",24317156,0.68,73.27,t,81,120,3553.2
Кабель,71,S1033,"АО ""ГаммаПром-33""",24180983,0.68,73.95,t,81,120,3553.2
Кабель,72,S1023,"ИП ""Севергруз-23""",24073987,0.68,74.63,t,81,120,3553.2
Кабель,73,S1040,"ИП ""УралДеталь-40""",24025985,0.68,75.30,t,81,120,3553.2
Кабель,74,S1044,"АО ""ГидроПром-44""",23971402,0.67,75.98,t,81,120,3553.2
Кабель,75,S1063,"ПАО ""СибирьОпт-63""",23910408,0.67,76.65,t,81,120,3553.2
Кабель,76,S1071,"ИП ""ГаммаПром-71""",23860230,0.67,77.32,t,81,120,3553.2
Кабель,77,S1095,"ПАО ""ЭлектроМир-95""",23844082,0.67,77.99,t,81,120,3553.2
Кабель,78,S1026,"ИП ""ЭлектроМир-26""",23732740,0.67,78.66,t,81,120,3553.2
Кабель,79,S1035,"ООО ""АльфаСнаб-35""",23726332,0.67,79.33,t,81,120,3553.2
Кабель,80,S1091,"ИП ""ТехКомплект-91""",23702732,0.67,79.99,t,81,120,3553.2
Кабель,81,S1014,"ИП ""ЭпсилонТех-14 Групп""",23154611,0.65,80.65,t,81,120,3553.2
Кабель,82,S1118,"ООО ""СтанкоСервис-118""",23079253,0.65,81.30,f,81,120,3553.2
Кабель,83,S1060,"ООО ""ЭпсилонТех-60""",22238347,0.63,81.92,f,81,120,3553.2
Кабель,84,S1077,"ИП ""ЭлектроМир-77""",22061707,0.62,82.54,f,81,120,3553.2
Кабель,85,S1092,"ООО ""МеталлТорг-92""",21798454,0.61,83.16,f,81,120,3553.2
Кабель,86,S1061,"ИП ""ПромСнаб-61""",21731762,0.61,83.77,f,81,120,3553.2
Кабель,87,S1058,"ПАО ""Севергруз-58""",21479526,0.60,84.37,f,81,120,3553.2
Кабель,88,S1021,"ПАО ""ГаммаПром-21""",20631553,0.58,84.95,f,81,120,3553.2
Кабель,89,S1090,"ООО ""БетаТрейд-90""",20557569,0.58,85.53,f,81,120,3553.2
Кабель,90,S1088,"ИП ""Севергруз-88""",20544748,0.58,86.11,f,81,120,3553.2
Кабель,91,S1011,"ООО ""ПромСнаб-11 Групп""",20163786,0.57,86.68,f,81,120,3553.2
Кабель,92,S1056,"ПАО ""ВолгаТех-56""",19996518,0.56,87.24,f,81,120,3553.2
Кабель,93,S1053,"АО ""ТехКомплект-53""",19915185,0.56,87.80,f,81,120,3553.2
Кабель,94,S1114,"ИП ""СтанкоСервис-114""",19860221,0.56,88.36,f,81,120,3553.2
Кабель,95,S1010,"ПАО ""ГидроПром-10 Групп""",19773619,0.56,88.92,f,81,120,3553.2
Кабель,96,S1005,"ИП ""Севергруз-5 Групп""",19751452,0.56,89.47,f,81,120,3553.2
Кабель,97,S1038,"ИП ""БетаТрейд-38""",19464730,0.55,90.02,f,81,120,3553.2
Кабель,98,S1068,"ИП ""УралДеталь-68""",19418084,0.55,90.57,f,81,120,3553.2
Кабель,99,S1109,"ПАО ""СибирьОпт-109""",19215841,0.54,91.11,f,81,120,3553.2
Кабель,100,S1076,"ООО ""МеталлТорг-76""",18938955,0.53,91.64,f,81,120,3553.2
Кабель,101,S1080,"ИП ""СибирьОпт-80""",18930569,0.53,92.17,f,81,120,3553.2
Кабель,102,S1086,"АО ""ВолгаТех-86""",18614697,0.52,92.70,f,81,120,3553.2
Кабель,103,S1102,"ООО ""СибирьОпт-102""",18322384,0.52,93.21,f,81,120,3553.2
Кабель,104,S1027,"ИП ""БетаТрейд-27""",18135940,0.51,93.72,f,81,120,3553.2
Кабель,105,S1024,"ПАО ""СибирьОпт-24""",17805428,0.50,94.22,f,81,120,3553.2
Кабель,106,S1119,"ИП ""СтанкоСервис-119""",17579173,0.49,94.72,f,81,120,3553.2
Кабель,107,S1093,"АО ""УралДеталь-93""",16999717,0.48,95.20,f,81,120,3553.2
Кабель,108,S1100,"ООО ""СтанкоСервис-100""",16586974,0.47,95.66,f,81,120,3553.2
Кабель,109,S1041,"ИП ""СибирьОпт-41""",16504700,0.46,96.13,f,81,120,3553.2
Кабель,110,S1078,"ООО ""ДельтаЛогистик-78""",15907980,0.45,96.58,f,81,120,3553.2
Кабель,111,S1113,"ПАО ""СтанкоСервис-113""",15848774,0.45,97.02,f,81,120,3553.2
Кабель,112,S1084,"ИП ""ДельтаЛогистик-84""",15571853,0.44,97.46,f,81,120,3553.2
Кабель,113,S1028,"ИП ""БетаТрейд-28""",15561198,0.44,97.90,f,81,120,3553.2
Кабель,114,S1082,"ПАО ""ГидроПром-82""",14755339,0.42,98.31,f,81,120,3553.2
Кабель,115,S1052,"ПАО ""УралДеталь-52""",14516957,0.41,98.72,f,81,120,3553.2
Кабель,116,S1083,"ПАО ""ЭлектроМир-83""",14509389,0.41,99.13,f,81,120,3553.2
Кабель,117,S1037,"ИП ""ТехКомплект-37""",13200399,0.37,99.50,f,81,120,3553.2
Кабель,118,S1089,"ПАО ""АльфаСнаб-89""",9566836,0.27,99.77,f,81,120,3553.2
Кабель,119,S1047,"АО ""ЭлектроМир-47""",4277903,0.12,99.89,f,81,120,3553.2
Кабель,120,S1115,"АО ""МеталлТорг-115""",3871482,0.11,100.00,f,81,120,3553.2
Крепёж,1,S1022,"ООО ""АльфаСнаб-22""",81047090,2.09,2.09,t,79,120,3875.2
Крепёж,2,S1015,"ООО ""ГидроПром-15 Групп""",74555007,1.92,4.02,t,79,120,3875.2
Крепёж,3,S1050,"ИП ""ГидроПром-50""",74021740,1.91,5.93,t,79,120,3875.2
Крепёж,4,S1036,"АО ""ВолгаТех-36""",67767409,1.75,7.67,t,79,120,3875.2
Крепёж,5,S1064,"ИП ""ВолгаТех-64""",65274695,1.68,9.36,t,79,120,3875.2
Крепёж,6,S1043,"ПАО ""ВолгаТех-43""",64612425,1.67,11.03,t,79,120,3875.2
Крепёж,7,S1001,"АО ""ВолгаТех-1 Групп""",59949139,1.55,12.57,t,79,120,3875.2
Крепёж,8,S1052,"ПАО ""УралДеталь-52""",55508577,1.43,14.01,t,79,120,3875.2
Крепёж,9,S1091,"ИП ""ТехКомплект-91""",52538294,1.36,15.36,t,79,120,3875.2
Крепёж,10,S1110,"ООО ""ЭлектроМир-110""",52349652,1.35,16.71,t,79,120,3875.2
Крепёж,11,S1013,"ПАО ""ГаммаПром-13 Групп""",50255509,1.30,18.01,t,79,120,3875.2
Крепёж,12,S1067,"ИП ""УралДеталь-67""",49553059,1.28,19.29,t,79,120,3875.2
Крепёж,13,S1054,"ООО ""СибирьОпт-54""",49001637,1.26,20.55,t,79,120,3875.2
Крепёж,14,S1090,"ООО ""БетаТрейд-90""",48093636,1.24,21.79,t,79,120,3875.2
Крепёж,15,S1092,"ООО ""МеталлТорг-92""",47716580,1.23,23.02,t,79,120,3875.2
Крепёж,16,S1033,"АО ""ГаммаПром-33""",45590016,1.18,24.20,t,79,120,3875.2
Крепёж,17,S1029,"ООО ""МеталлТорг-29""",44920791,1.16,25.36,t,79,120,3875.2
Крепёж,18,S1045,"ООО ""ТехКомплект-45""",44136953,1.14,26.50,t,79,120,3875.2
Крепёж,19,S1024,"ПАО ""СибирьОпт-24""",44134190,1.14,27.64,t,79,120,3875.2
Крепёж,20,S1005,"ИП ""Севергруз-5 Групп""",43454572,1.12,28.76,t,79,120,3875.2
Крепёж,21,S1056,"ПАО ""ВолгаТех-56""",43274346,1.12,29.88,t,79,120,3875.2
Крепёж,22,S1102,"ООО ""СибирьОпт-102""",43035007,1.11,30.99,t,79,120,3875.2
Крепёж,23,S1098,"ПАО ""СтанкоСервис-98""",41832527,1.08,32.07,t,79,120,3875.2
Крепёж,24,S1109,"ПАО ""СибирьОпт-109""",41575836,1.07,33.14,t,79,120,3875.2
Крепёж,25,S1020,"ООО ""Севергруз-20""",41539807,1.07,34.21,t,79,120,3875.2
Крепёж,26,S1084,"ИП ""ДельтаЛогистик-84""",41275897,1.07,35.28,t,79,120,3875.2
Крепёж,27,S1100,"ООО ""СтанкоСервис-100""",40964167,1.06,36.33,t,79,120,3875.2
Крепёж,28,S1011,"ООО ""ПромСнаб-11 Групп""",40657721,1.05,37.38,t,79,120,3875.2
Крепёж,29,S1112,"ПАО ""УралДеталь-112""",40594227,1.05,38.43,t,79,120,3875.2
Крепёж,30,S1017,"ООО ""ГидроПром-17""",39466387,1.02,39.45,t,79,120,3875.2
Крепёж,31,S1008,"АО ""ТехКомплект-8 Групп""",39346414,1.02,40.46,t,79,120,3875.2
Крепёж,32,S1048,"ООО ""ДельтаЛогистик-48""",39284494,1.01,41.48,t,79,120,3875.2
Крепёж,33,S1035,"ООО ""АльфаСнаб-35""",39051125,1.01,42.49,t,79,120,3875.2
Крепёж,34,S1066,"АО ""ВолгаТех-66""",38752478,1.00,43.49,t,79,120,3875.2
Крепёж,35,S1068,"ИП ""УралДеталь-68""",38710508,1.00,44.48,t,79,120,3875.2
Крепёж,36,S1097,"ООО ""ВолгаТех-97""",38200337,0.99,45.47,t,79,120,3875.2
Крепёж,37,S1089,"ПАО ""АльфаСнаб-89""",37926452,0.98,46.45,t,79,120,3875.2
Крепёж,38,S1030,"ИП ""ПромСнаб-30""",37526650,0.97,47.42,t,79,120,3875.2
Крепёж,39,S1104,"ИП ""ГидроПром-104""",37093764,0.96,48.37,t,79,120,3875.2
Крепёж,40,S1120,"ИП ""Севергруз-120""",36158308,0.93,49.31,t,79,120,3875.2
Крепёж,41,S1021,"ПАО ""ГаммаПром-21""",36065610,0.93,50.24,t,79,120,3875.2
Крепёж,42,S1094,"ПАО ""ТехКомплект-94""",35830761,0.92,51.16,t,79,120,3875.2
Крепёж,43,S1060,"ООО ""ЭпсилонТех-60""",35253940,0.91,52.07,t,79,120,3875.2
Крепёж,44,S1058,"ПАО ""Севергруз-58""",34178631,0.88,52.95,t,79,120,3875.2
Крепёж,45,S1044,"АО ""ГидроПром-44""",34108938,0.88,53.83,t,79,120,3875.2
Крепёж,46,S1016,"ПАО ""ЭпсилонТех-16""",33979517,0.88,54.71,t,79,120,3875.2
Крепёж,47,S1107,"ПАО ""БетаТрейд-107""",33632425,0.87,55.58,t,79,120,3875.2
Крепёж,48,S1116,"ИП ""Севергруз-116""",33410197,0.86,56.44,t,79,120,3875.2
Крепёж,49,S1103,"ИП ""СибирьОпт-103""",33172214,0.86,57.30,t,79,120,3875.2
Крепёж,50,S1012,"ПАО ""АльфаСнаб-12 Групп""",32284629,0.83,58.13,t,79,120,3875.2
Крепёж,51,S1069,"ПАО ""Севергруз-69""",31905177,0.82,58.95,t,79,120,3875.2
Крепёж,52,S1047,"АО ""ЭлектроМир-47""",31841702,0.82,59.78,t,79,120,3875.2
Крепёж,53,S1041,"ИП ""СибирьОпт-41""",31600847,0.82,60.59,t,79,120,3875.2
Крепёж,54,S1113,"ПАО ""СтанкоСервис-113""",31537246,0.81,61.40,t,79,120,3875.2
Крепёж,55,S1002,"ПАО ""ЭпсилонТех-2 Групп""",31351296,0.81,62.21,t,79,120,3875.2
Крепёж,56,S1117,"ООО ""БетаТрейд-117""",31301295,0.81,63.02,t,79,120,3875.2
Крепёж,57,S1025,"ИП ""АльфаСнаб-25""",31273649,0.81,63.83,t,79,120,3875.2
Крепёж,58,S1003,"АО ""МеталлТорг-3 Групп""",31213906,0.81,64.63,t,79,120,3875.2
Крепёж,59,S1115,"АО ""МеталлТорг-115""",30947800,0.80,65.43,t,79,120,3875.2
Крепёж,60,S1096,"ООО ""СибирьОпт-96""",30742453,0.79,66.23,t,79,120,3875.2
Крепёж,61,S1075,"ИП ""ПромСнаб-75""",30480594,0.79,67.01,t,79,120,3875.2
Крепёж,62,S1007,"ПАО ""ДельтаЛогистик-7 Групп""",30132683,0.78,67.79,t,79,120,3875.2
Крепёж,63,S1055,"АО ""ЭпсилонТех-55""",30042221,0.78,68.57,t,79,120,3875.2
Крепёж,64,S1119,"ИП ""СтанкоСервис-119""",30027367,0.77,69.34,t,79,120,3875.2
Крепёж,65,S1082,"ПАО ""ГидроПром-82""",29436537,0.76,70.10,t,79,120,3875.2
Крепёж,66,S1023,"ИП ""Севергруз-23""",29330248,0.76,70.86,t,79,120,3875.2
Крепёж,67,S1105,"АО ""АльфаСнаб-105""",29141375,0.75,71.61,t,79,120,3875.2
Крепёж,68,S1027,"ИП ""БетаТрейд-27""",28741889,0.74,72.35,t,79,120,3875.2
Крепёж,69,S1065,"АО ""ГидроПром-65""",28563539,0.74,73.09,t,79,120,3875.2
Крепёж,70,S1070,"АО ""МеталлТорг-70""",28532300,0.74,73.82,t,79,120,3875.2
Крепёж,71,S1053,"АО ""ТехКомплект-53""",28158407,0.73,74.55,t,79,120,3875.2
Крепёж,72,S1111,"ООО ""СибирьОпт-111""",28090736,0.72,75.28,t,79,120,3875.2
Крепёж,73,S1018,"АО ""ЭпсилонТех-18""",27976424,0.72,76.00,t,79,120,3875.2
Крепёж,74,S1057,"ПАО ""ЭлектроМир-57""",27801257,0.72,76.71,t,79,120,3875.2
Крепёж,75,S1071,"ИП ""ГаммаПром-71""",27607303,0.71,77.43,t,79,120,3875.2
Крепёж,76,S1039,"АО ""ВолгаТех-39""",27564062,0.71,78.14,t,79,120,3875.2
Крепёж,77,S1034,"АО ""СтанкоСервис-34""",27423225,0.71,78.85,t,79,120,3875.2
Крепёж,78,S1079,"ПАО ""ЭпсилонТех-79""",27350087,0.71,79.55,t,79,120,3875.2
Крепёж,79,S1037,"ИП ""ТехКомплект-37""",27302414,0.70,80.26,t,79,120,3875.2
Крепёж,80,S1031,"ПАО ""ЭпсилонТех-31""",26274601,0.68,80.93,f,79,120,3875.2
Крепёж,81,S1081,"АО ""ЭпсилонТех-81""",26215058,0.68,81.61,f,79,120,3875.2
Крепёж,82,S1063,"ПАО ""СибирьОпт-63""",25875581,0.67,82.28,f,79,120,3875.2
Крепёж,83,S1095,"ПАО ""ЭлектроМир-95""",25710355,0.66,82.94,f,79,120,3875.2
Крепёж,84,S1083,"ПАО ""ЭлектроМир-83""",25419603,0.66,83.60,f,79,120,3875.2
Крепёж,85,S1074,"ООО ""ЭлектроМир-74""",24911603,0.64,84.24,f,79,120,3875.2
Крепёж,86,S1038,"ИП ""БетаТрейд-38""",24830853,0.64,84.88,f,79,120,3875.2
Крепёж,87,S1072,"ПАО ""ЭпсилонТех-72""",24699363,0.64,85.52,f,79,120,3875.2
Крепёж,88,S1026,"ИП ""ЭлектроМир-26""",23672405,0.61,86.13,f,79,120,3875.2
Крепёж,89,S1059,"ООО ""Севергруз-59""",22697934,0.59,86.72,f,79,120,3875.2
Крепёж,90,S1078,"ООО ""ДельтаЛогистик-78""",22642636,0.58,87.30,f,79,120,3875.2
Крепёж,91,S1085,"ООО ""ПромСнаб-85""",22543505,0.58,87.88,f,79,120,3875.2
Крепёж,92,S1019,"ИП ""АльфаСнаб-19""",22357430,0.58,88.46,f,79,120,3875.2
Крепёж,93,S1004,"ПАО ""ГаммаПром-4 Групп""",22309696,0.58,89.03,f,79,120,3875.2
Крепёж,94,S1062,"АО ""ПромСнаб-62""",22157126,0.57,89.61,f,79,120,3875.2
Крепёж,95,S1051,"ИП ""ЭпсилонТех-51""",22070567,0.57,90.18,f,79,120,3875.2
Крепёж,96,S1086,"АО ""ВолгаТех-86""",21252400,0.55,90.72,f,79,120,3875.2
Крепёж,97,S1006,"АО ""УралДеталь-6 Групп""",21209166,0.55,91.27,f,79,120,3875.2
Крепёж,98,S1077,"ИП ""ЭлектроМир-77""",21089243,0.54,91.82,f,79,120,3875.2
Крепёж,99,S1032,"ПАО ""Севергруз-32""",20771037,0.54,92.35,f,79,120,3875.2
Крепёж,100,S1010,"ПАО ""ГидроПром-10 Групп""",19826820,0.51,92.86,f,79,120,3875.2
Крепёж,101,S1049,"АО ""СтанкоСервис-49""",19712467,0.51,93.37,f,79,120,3875.2
Крепёж,102,S1009,"ИП ""ДельтаЛогистик-9 Групп""",19173992,0.49,93.87,f,79,120,3875.2
Крепёж,103,S1087,"ООО ""СтанкоСервис-87""",19061978,0.49,94.36,f,79,120,3875.2
Крепёж,104,S1099,"АО ""ЭлектроМир-99""",17276029,0.45,94.80,f,79,120,3875.2
Крепёж,105,S1073,"ИП ""АльфаСнаб-73""",16562909,0.43,95.23,f,79,120,3875.2
Крепёж,106,S1080,"ИП ""СибирьОпт-80""",16434523,0.42,95.66,f,79,120,3875.2
Крепёж,107,S1040,"ИП ""УралДеталь-40""",16195628,0.42,96.07,f,79,120,3875.2
Крепёж,108,S1108,"ИП ""УралДеталь-108""",15235527,0.39,96.47,f,79,120,3875.2
Крепёж,109,S1042,"ООО ""УралДеталь-42""",15186515,0.39,96.86,f,79,120,3875.2
Крепёж,110,S1101,"АО ""ЭлектроМир-101""",15073074,0.39,97.25,f,79,120,3875.2
Крепёж,111,S1106,"ИП ""ТехКомплект-106""",14646920,0.38,97.63,f,79,120,3875.2
Крепёж,112,S1118,"ООО ""СтанкоСервис-118""",14169905,0.37,97.99,f,79,120,3875.2
Крепёж,113,S1028,"ИП ""БетаТрейд-28""",13678390,0.35,98.34,f,79,120,3875.2
Крепёж,114,S1061,"ИП ""ПромСнаб-61""",12774221,0.33,98.67,f,79,120,3875.2
Крепёж,115,S1046,"АО ""ВолгаТех-46""",12553403,0.32,99.00,f,79,120,3875.2
Крепёж,116,S1014,"ИП ""ЭпсилонТех-14 Групп""",11269798,0.29,99.29,f,79,120,3875.2
Крепёж,117,S1114,"ИП ""СтанкоСервис-114""",9320923,0.24,99.53,f,79,120,3875.2
Крепёж,118,S1088,"ИП ""Севергруз-88""",8059446,0.21,99.74,f,79,120,3875.2
Крепёж,119,S1093,"АО ""УралДеталь-93""",7493275,0.19,99.93,f,79,120,3875.2
Крепёж,120,S1076,"ООО ""МеталлТорг-76""",2699553,0.07,100.00,f,79,120,3875.2
Насосы,1,S1001,"АО ""ВолгаТех-1 Групп""",71264797,2.16,2.16,t,78,120,3303.8
Насосы,2,S1029,"ООО ""МеталлТорг-29""",65585511,1.99,4.14,t,78,120,3303.8
Насосы,3,S1015,"ООО ""ГидроПром-15 Групп""",59722400,1.81,5.95,t,78,120,3303.8
Насосы,4,S1050,"ИП ""ГидроПром-50""",56177952,1.70,7.65,t,78,120,3303.8
Насосы,5,S1025,"ИП ""АльфаСнаб-25""",54087208,1.64,9.29,t,78,120,3303.8
Насосы,6,S1033,"АО ""ГаммаПром-33""",52003990,1.57,10.86,t,78,120,3303.8
Насосы,7,S1090,"ООО ""БетаТрейд-90""",50127539,1.52,12.38,t,78,120,3303.8
Насосы,8,S1104,"ИП ""ГидроПром-104""",49953084,1.51,13.89,t,78,120,3303.8
Насосы,9,S1008,"АО ""ТехКомплект-8 Групп""",48299714,1.46,15.35,t,78,120,3303.8
Насосы,10,S1017,"ООО ""ГидроПром-17""",47120241,1.43,16.78,t,78,120,3303.8
Насосы,11,S1006,"АО ""УралДеталь-6 Групп""",46932206,1.42,18.20,t,78,120,3303.8
Насосы,12,S1036,"АО ""ВолгаТех-36""",43981522,1.33,19.53,t,78,120,3303.8
Насосы,13,S1065,"АО ""ГидроПром-65""",42381242,1.28,20.81,t,78,120,3303.8
Насосы,14,S1022,"ООО ""АльфаСнаб-22""",42217748,1.28,22.09,t,78,120,3303.8
Насосы,15,S1068,"ИП ""УралДеталь-68""",41132245,1.25,23.34,t,78,120,3303.8
Насосы,16,S1013,"ПАО ""ГаммаПром-13 Групп""",39141459,1.18,24.52,t,78,120,3303.8
Насосы,17,S1082,"ПАО ""ГидроПром-82""",38622117,1.17,25.69,t,78,120,3303.8
Насосы,18,S1061,"ИП ""ПромСнаб-61""",38612691,1.17,26.86,t,78,120,3303.8
Насосы,19,S1112,"ПАО ""УралДеталь-112""",36498759,1.10,27.96,t,78,120,3303.8
Насосы,20,S1117,"ООО ""БетаТрейд-117""",35570233,1.08,29.04,t,78,120,3303.8
Насосы,21,S1051,"ИП ""ЭпсилонТех-51""",35507515,1.07,30.12,t,78,120,3303.8
Насосы,22,S1071,"ИП ""ГаммаПром-71""",35142094,1.06,31.18,t,78,120,3303.8
Насосы,23,S1070,"АО ""МеталлТорг-70""",34611491,1.05,32.23,t,78,120,3303.8
Насосы,24,S1007,"ПАО ""ДельтаЛогистик-7 Групп""",34168387,1.03,33.26,t,78,120,3303.8
Насосы,25,S1093,"АО ""УралДеталь-93""",34117297,1.03,34.29,t,78,120,3303.8
Насосы,26,S1049,"АО ""СтанкоСервис-49""",34075076,1.03,35.33,t,78,120,3303.8
Насосы,27,S1052,"ПАО ""УралДеталь-52""",33723875,1.02,36.35,t,78,120,3303.8
Насосы,28,S1074,"ООО ""ЭлектроМир-74""",33699687,1.02,37.37,t,78,120,3303.8
Насосы,29,S1099,"АО ""ЭлектроМир-99""",33539801,1.02,38.38,t,78,120,3303.8
Насосы,30,S1014,"ИП ""ЭпсилонТех-14 Групп""",33325372,1.01,39.39,t,78,120,3303.8
Насосы,31,S1035,"ООО ""АльфаСнаб-35""",33156736,1.00,40.39,t,78,120,3303.8
Насосы,32,S1085,"ООО ""ПромСнаб-85""",33121432,1.00,41.40,t,78,120,3303.8
Насосы,33,S1098,"ПАО ""СтанкоСервис-98""",32902056,1.00,42.39,t,78,120,3303.8
Насосы,34,S1037,"ИП ""ТехКомплект-37""",32774003,0.99,43.38,t,78,120,3303.8
Насосы,35,S1019,"ИП ""АльфаСнаб-19""",32572282,0.99,44.37,t,78,120,3303.8
Насосы,36,S1115,"АО ""МеталлТорг-115""",32487726,0.98,45.35,t,78,120,3303.8
Насосы,37,S1073,"ИП ""АльфаСнаб-73""",32439743,0.98,46.34,t,78,120,3303.8
Насосы,38,S1057,"ПАО ""ЭлектроМир-57""",32385047,0.98,47.32,t,78,120,3303.8
Насосы,39,S1087,"ООО ""СтанкоСервис-87""",32366681,0.98,48.29,t,78,120,3303.8
Насосы,40,S1069,"ПАО ""Севергруз-69""",32312834,0.98,49.27,t,78,120,3303.8
Насосы,41,S1110,"ООО ""ЭлектроМир-110""",32052787,0.97,50.24,t,78,120,3303.8
Насосы,42,S1072,"ПАО ""ЭпсилонТех-72""",32046137,0.97,51.21,t,78,120,3303.8
Насосы,43,S1056,"ПАО ""ВолгаТех-56""",31652719,0.96,52.17,t,78,120,3303.8
Насосы,44,S1032,"ПАО ""Севергруз-32""",30986265,0.94,53.11,t,78,120,3303.8
Насосы,45,S1064,"ИП ""ВолгаТех-64""",30624653,0.93,54.04,t,78,120,3303.8
Насосы,46,S1054,"ООО ""СибирьОпт-54""",30303029,0.92,54.95,t,78,120,3303.8
Насосы,47,S1011,"ООО ""ПромСнаб-11 Групп""",29875304,0.90,55.86,t,78,120,3303.8
Насосы,48,S1119,"ИП ""СтанкоСервис-119""",29736162,0.90,56.76,t,78,120,3303.8
Насосы,49,S1102,"ООО ""СибирьОпт-102""",29646030,0.90,57.66,t,78,120,3303.8
Насосы,50,S1101,"АО ""ЭлектроМир-101""",29468312,0.89,58.55,t,78,120,3303.8
Насосы,51,S1079,"ПАО ""ЭпсилонТех-79""",29426721,0.89,59.44,t,78,120,3303.8
Насосы,52,S1108,"ИП ""УралДеталь-108""",29321164,0.89,60.33,t,78,120,3303.8
Насосы,53,S1043,"ПАО ""ВолгаТех-43""",29098475,0.88,61.21,t,78,120,3303.8
Насосы,54,S1109,"ПАО ""СибирьОпт-109""",29060203,0.88,62.09,t,78,120,3303.8
Насосы,55,S1066,"АО ""ВолгаТех-66""",28049505,0.85,62.93,t,78,120,3303.8
Насосы,56,S1004,"ПАО ""ГаммаПром-4 Групп""",28039971,0.85,63.78,t,78,120,3303.8
Насосы,57,S1026,"ИП ""ЭлектроМир-26""",27867165,0.84,64.63,t,78,120,3303.8
Насосы,58,S1063,"ПАО ""СибирьОпт-63""",27654961,0.84,65.46,t,78,120,3303.8
Насосы,59,S1034,"АО ""СтанкоСервис-34""",27596539,0.84,66.30,t,78,120,3303.8
Насосы,60,S1020,"ООО ""Севергруз-20""",27490526,0.83,67.13,t,78,120,3303.8
Насосы,61,S1088,"ИП ""Севергруз-88""",26563824,0.80,67.94,t,78,120,3303.8
Насосы,62,S1116,"ИП ""Севергруз-116""",26551367,0.80,68.74,t,78,120,3303.8
Насосы,63,S1081,"АО ""ЭпсилонТех-81""",26385565,0.80,69.54,t,78,120,3303.8
Насосы,64,S1092,"ООО ""МеталлТорг-92""",25598555,0.77,70.31,t,78,120,3303.8
Насосы,65,S1103,"ИП ""СибирьОпт-103""",25549270,0.77,71.09,t,78,120,3303.8
Насосы,66,S1097,"ООО ""ВолгаТех-97""",24970126,0.76,71.84,t,78,120,3303.8
Насосы,67,S1041,"ИП ""СибирьОпт-41""",24911823,0.75,72.60,t,78,120,3303.8
Насосы,68,S1003,"АО ""МеталлТорг-3 Групп""",24046655,0.73,73.32,t,78,120,3303.8
Насосы,69,S1095,"ПАО ""ЭлектроМир-95""",24004922,0.73,74.05,t,78,120,3303.8
Насосы,70,S1118,"ООО ""СтанкоСервис-118""",23585255,0.71,74.76,t,78,120,3303.8
Насосы,71,S1058,"ПАО ""Севергруз-58""",23529241,0.71,75.48,t,78,120,3303.8
Насосы,72,S1024,"ПАО ""СибирьОпт-24""",23200943,0.70,76.18,t,78,120,3303.8
Насосы,73,S1016,"ПАО ""ЭпсилонТех-16""",23185637,0.70,76.88,t,78,120,3303.8
Насосы,74,S1111,"ООО ""СибирьОпт-111""",23042980,0.70,77.58,t,78,120,3303.8
Насосы,75,S1067,"ИП ""УралДеталь-67""",22833608,0.69,78.27,t,78,120,3303.8
Насосы,76,S1002,"ПАО ""ЭпсилонТех-2 Групп""",22654053,0.69,78.95,t,78,120,3303.8
Насосы,77,S1080,"ИП ""СибирьОпт-80""",22419889,0.68,79.63,t,78,120,3303.8
Насосы,78,S1031,"ПАО ""ЭпсилонТех-31""",21949246,0.66,80.30,t,78,120,3303.8
Насосы,79,S1120,"ИП ""Севергруз-120""",21669863,0.66,80.95,f,78,120,3303.8
Насосы,80,S1113,"ПАО ""СтанкоСервис-113""",21229628,0.64,81.60,f,78,120,3303.8
Насосы,81,S1047,"АО ""ЭлектроМир-47""",21190649,0.64,82.24,f,78,120,3303.8
Насосы,82,S1094,"ПАО ""ТехКомплект-94""",20891696,0.63,82.87,f,78,120,3303.8
Насосы,83,S1060,"ООО ""ЭпсилонТех-60""",20873380,0.63,83.50,f,78,120,3303.8
Насосы,84,S1028,"ИП ""БетаТрейд-28""",20819621,0.63,84.13,f,78,120,3303.8
Насосы,85,S1038,"ИП ""БетаТрейд-38""",20765518,0.63,84.76,f,78,120,3303.8
Насосы,86,S1010,"ПАО ""ГидроПром-10 Групп""",20546244,0.62,85.38,f,78,120,3303.8
Насосы,87,S1018,"АО ""ЭпсилонТех-18""",20243563,0.61,86.00,f,78,120,3303.8
Насосы,88,S1083,"ПАО ""ЭлектроМир-83""",20236193,0.61,86.61,f,78,120,3303.8
Насосы,89,S1062,"АО ""ПромСнаб-62""",19960768,0.60,87.21,f,78,120,3303.8
Насосы,90,S1114,"ИП ""СтанкоСервис-114""",19475331,0.59,87.80,f,78,120,3303.8
Насосы,91,S1091,"ИП ""ТехКомплект-91""",19216033,0.58,88.38,f,78,120,3303.8
Насосы,92,S1030,"ИП ""ПромСнаб-30""",18719033,0.57,88.95,f,78,120,3303.8
Насосы,93,S1086,"АО ""ВолгаТех-86""",18658863,0.56,89.51,f,78,120,3303.8
Насосы,94,S1107,"ПАО ""БетаТрейд-107""",17938228,0.54,90.06,f,78,120,3303.8
Насосы,95,S1075,"ИП ""ПромСнаб-75""",17870385,0.54,90.60,f,78,120,3303.8
Насосы,96,S1053,"АО ""ТехКомплект-53""",17707786,0.54,91.13,f,78,120,3303.8
Насосы,97,S1105,"АО ""АльфаСнаб-105""",17341539,0.52,91.66,f,78,120,3303.8
Насосы,98,S1084,"ИП ""ДельтаЛогистик-84""",17261032,0.52,92.18,f,78,120,3303.8
Насосы,99,S1059,"ООО ""Севергруз-59""",17189874,0.52,92.70,f,78,120,3303.8
Насосы,100,S1106,"ИП ""ТехКомплект-106""",16710354,0.51,93.21,f,78,120,3303.8
Насосы,101,S1027,"ИП ""БетаТрейд-27""",16498210,0.50,93.71,f,78,120,3303.8
Насосы,102,S1044,"АО ""ГидроПром-44""",16179708,0.49,94.20,f,78,120,3303.8
Насосы,103,S1089,"ПАО ""АльфаСнаб-89""",15564856,0.47,94.67,f,78,120,3303.8
Насосы,104,S1012,"ПАО ""АльфаСнаб-12 Групп""",15365368,0.47,95.13,f,78,120,3303.8
Насосы,105,S1005,"ИП ""Севергруз-5 Групп""",14813498,0.45,95.58,f,78,120,3303.8
Насосы,106,S1009,"ИП ""ДельтаЛогистик-9 Групп""",14631572,0.44,96.02,f,78,120,3303.8
Насосы,107,S1040,"ИП ""УралДеталь-40""",13979533,0.42,96.45,f,78,120,3303.8
Насосы,108,S1021,"ПАО ""ГаммаПром-21""",13967262,0.42,96.87,f,78,120,3303.8
Насосы,109,S1023,"ИП ""Севергруз-23""",12897426,0.39,97.26,f,78,120,3303.8
Насосы,110,S1100,"ООО ""СтанкоСервис-100""",12004490,0.36,97.62,f,78,120,3303.8
Насосы,111,S1048,"ООО ""ДельтаЛогистик-48""",11711944,0.35,97.98,f,78,120,3303.8
Насосы,112,S1078,"ООО ""ДельтаЛогистик-78""",10550655,0.32,98.30,f,78,120,3303.8
Насосы,113,S1039,"АО ""ВолгаТех-39""",9920513,0.30,98.60,f,78,120,3303.8
Насосы,114,S1042,"ООО ""УралДеталь-42""",9877957,0.30,98.90,f,78,120,3303.8
Насосы,115,S1077,"ИП ""ЭлектроМир-77""",9425553,0.29,99.18,f,78,120,3303.8
Насосы,116,S1055,"АО ""ЭпсилонТех-55""",7528664,0.23,99.41,f,78,120,3303.8
Насосы,117,S1076,"ООО ""МеталлТорг-76""",6286732,0.19,99.60,f,78,120,3303.8
Насосы,118,S1045,"ООО ""ТехКомплект-45""",6079680,0.18,99.78,f,78,120,3303.8
Насосы,119,S1046,"АО ""ВолгаТех-46""",4523484,0.14,99.92,f,78,120,3303.8
Насосы,120,S1096,"ООО ""СибирьОпт-96""",2595957,0.08,100.00,f,78,120,3303.8
Подшипники,1,S1029,"ООО ""МеталлТорг-29""",84327199,1.88,1.88,t,82,120,4476.1
Подшипники,2,S1001,"АО ""ВолгаТех-1 Групп""",82584371,1.85,3.73,t,82,120,4476.1
Подшипники,3,S1050,"ИП ""ГидроПром-50""",79979845,1.79,5.52,t,82,120,4476.1
Подшипники,4,S1036,"АО ""ВолгаТех-36""",76593780,1.71,7.23,t,82,120,4476.1
Подшипники,5,S1015,"ООО ""ГидроПром-15 Групп""",66385737,1.48,8.71,t,82,120,4476.1
Подшипники,6,S1043,"ПАО ""ВолгаТех-43""",66265232,1.48,10.19,t,82,120,4476.1
Подшипники,7,S1064,"ИП ""ВолгаТех-64""",64363281,1.44,11.63,t,82,120,4476.1
Подшипники,8,S1058,"ПАО ""Севергруз-58""",63880218,1.43,13.06,t,82,120,4476.1
Подшипники,9,S1011,"ООО ""ПромСнаб-11 Групп""",62394068,1.39,14.45,t,82,120,4476.1
Подшипники,10,S1087,"ООО ""СтанкоСервис-87""",61838345,1.38,15.83,t,82,120,4476.1
Подшипники,11,S1093,"АО ""УралДеталь-93""",61467166,1.37,17.20,t,82,120,4476.1
Подшипники,12,S1069,"ПАО ""Севергруз-69""",54899984,1.23,18.43,t,82,120,4476.1
Подшипники,13,S1111,"ООО ""СибирьОпт-111""",52118210,1.16,19.60,t,82,120,4476.1
Подшипники,14,S1022,"ООО ""АльфаСнаб-22""",51847913,1.16,20.75,t,82,120,4476.1
Подшипники,15,S1059,"ООО ""Севергруз-59""",51459227,1.15,21.90,t,82,120,4476.1
Подшипники,16,S1096,"ООО ""СибирьОпт-96""",51317906,1.15,23.05,t,82,120,4476.1
Подшипники,17,S1017,"ООО ""ГидроПром-17""",50781873,1.13,24.18,t,82,120,4476.1
Подшипники,18,S1057,"ПАО ""ЭлектроМир-57""",50673456,1.13,25.32,t,82,120,4476.1
Подшипники,19,S1008,"АО ""ТехКомплект-8 Групп""",50547815,1.13,26.45,t,82,120,4476.1
Подшипники,20,S1073,"ИП ""АльфаСнаб-73""",49834359,1.11,27.56,t,82,120,4476.1
Подшипники,21,S1070,"АО ""МеталлТорг-70""",49829850,1.11,28.67,t,82,120,4476.1
Подшипники,22,S1085,"ООО ""ПромСнаб-85""",49585839,1.11,29.78,t,82,120,4476.1
Подшипники,23,S1065,"АО ""ГидроПром-65""",48321092,1.08,30.86,t,82,120,4476.1
Подшипники,24,S1106,"ИП ""ТехКомплект-106""",47486765,1.06,31.92,t,82,120,4476.1
Подшипники,25,S1054,"ООО ""СибирьОпт-54""",47263996,1.06,32.98,t,82,120,4476.1
Подшипники,26,S1009,"ИП ""ДельтаЛогистик-9 Групп""",46535719,1.04,34.02,t,82,120,4476.1
Подшипники,27,S1020,"ООО ""Севергруз-20""",46256331,1.03,35.05,t,82,120,4476.1
Подшипники,28,S1091,"ИП ""ТехКомплект-91""",45433238,1.02,36.06,t,82,120,4476.1
Подшипники,29,S1083,"ПАО ""ЭлектроМир-83""",45051664,1.01,37.07,t,82,120,4476.1
Подшипники,30,S1005,"ИП ""Севергруз-5 Групп""",44085205,0.98,38.06,t,82,120,4476.1
Подшипники,31,S1113,"ПАО ""СтанкоСервис-113""",42898106,0.96,39.01,t,82,120,4476.1
Подшипники,32,S1038,"ИП ""БетаТрейд-38""",42656106,0.95,39.97,t,82,120,4476.1
Подшипники,33,S1103,"ИП ""СибирьОпт-103""",42483285,0.95,40.92,t,82,120,4476.1
Подшипники,34,S1049,"АО ""СтанкоСервис-49""",42252688,0.94,41.86,t,82,120,4476.1
Подшипники,35,S1018,"АО ""ЭпсилонТех-18""",42182769,0.94,42.80,t,82,120,4476.1
Подшипники,36,S1099,"АО ""ЭлектроМир-99""",42101802,0.94,43.74,t,82,120,4476.1
Подшипники,37,S1004,"ПАО ""ГаммаПром-4 Групп""",41778414,0.93,44.68,t,82,120,4476.1
Подшипники,38,S1034,"АО ""СтанкоСервис-34""",41379782,0.92,45.60,t,82,120,4476.1
Подшипники,39,S1052,"ПАО ""УралДеталь-52""",41026036,0.92,46.52,t,82,120,4476.1
Подшипники,40,S1119,"ИП ""СтанкоСервис-119""",40525687,0.91,47.42,t,82,120,4476.1
Подшипники,41,S1056,"ПАО ""ВолгаТех-56""",40223931,0.90,48.32,t,82,120,4476.1
Подшипники,42,S1063,"ПАО ""СибирьОпт-63""",40198049,0.90,49.22,t,82,120,4476.1
Подшипники,43,S1014,"ИП ""ЭпсилонТех-14 Групп""",40197053,0.90,50.12,t,82,120,4476.1
Подшипники,44,S1048,"ООО ""ДельтаЛогистик-48""",39676640,0.89,51.00,t,82,120,4476.1
Подшипники,45,S1033,"АО ""ГаммаПром-33""",39171245,0.88,51.88,t,82,120,4476.1
Подшипники,46,S1045,"ООО ""ТехКомплект-45""",38387365,0.86,52.74,t,82,120,4476.1
Подшипники,47,S1104,"ИП ""ГидроПром-104""",37994823,0.85,53.59,t,82,120,4476.1
Подшипники,48,S1040,"ИП ""УралДеталь-40""",37586096,0.84,54.43,t,82,120,4476.1
Подшипники,49,S1120,"ИП ""Севергруз-120""",37510748,0.84,55.26,t,82,120,4476.1
Подшипники,50,S1010,"ПАО ""ГидроПром-10 Групп""",37415714,0.84,56.10,t,82,120,4476.1
Подшипники,51,S1016,"ПАО ""ЭпсилонТех-16""",37020038,0.83,56.93,t,82,120,4476.1
Подшипники,52,S1097,"ООО ""ВолгаТех-97""",36932733,0.83,57.75,t,82,120,4476.1
Подшипники,53,S1108,"ИП ""УралДеталь-108""",36828409,0.82,58.57,t,82,120,4476.1
Подшипники,54,S1012,"ПАО ""АльфаСнаб-12 Групп""",36479708,0.81,59.39,t,82,120,4476.1
Подшипники,55,S1019,"ИП ""АльфаСнаб-19""",36384395,0.81,60.20,t,82,120,4476.1
Подшипники,56,S1028,"ИП ""БетаТрейд-28""",36262759,0.81,61.01,t,82,120,4476.1
Подшипники,57,S1081,"АО ""ЭпсилонТех-81""",36173730,0.81,61.82,t,82,120,4476.1
Подшипники,58,S1032,"ПАО ""Севергруз-32""",35513093,0.79,62.61,t,82,120,4476.1
Подшипники,59,S1098,"ПАО ""СтанкоСервис-98""",35051178,0.78,63.40,t,82,120,4476.1
Подшипники,60,S1080,"ИП ""СибирьОпт-80""",34896398,0.78,64.18,t,82,120,4476.1
Подшипники,61,S1066,"АО ""ВолгаТех-66""",34643454,0.77,64.95,t,82,120,4476.1
Подшипники,62,S1082,"ПАО ""ГидроПром-82""",34581517,0.77,65.72,t,82,120,4476.1
Подшипники,63,S1101,"АО ""ЭлектроМир-101""",34387957,0.77,66.49,t,82,120,4476.1
Подшипники,64,S1042,"ООО ""УралДеталь-42""",34300362,0.77,67.26,t,82,120,4476.1
Подшипники,65,S1115,"АО ""МеталлТорг-115""",33996886,0.76,68.02,t,82,120,4476.1
Подшипники,66,S1013,"ПАО ""ГаммаПром-13 Групп""",33708090,0.75,68.77,t,82,120,4476.1
Подшипники,67,S1095,"ПАО ""ЭлектроМир-95""",33650857,0.75,69.52,t,82,120,4476.1
Подшипники,68,S1061,"ИП ""ПромСнаб-61""",33132333,0.74,70.26,t,82,120,4476.1
Подшипники,69,S1078,"ООО ""ДельтаЛогистик-78""",32965788,0.74,71.00,t,82,120,4476.1
Подшипники,70,S1118,"ООО ""СтанкоСервис-118""",32862120,0.73,71.73,t,82,120,4476.1
Подшипники,71,S1109,"ПАО ""СибирьОпт-109""",32651365,0.73,72.46,t,82,120,4476.1
Подшипники,72,S1053,"АО ""ТехКомплект-53""",32404699,0.72,73.19,t,82,120,4476.1
Подшипники,73,S1044,"АО ""ГидроПром-44""",32179157,0.72,73.91,t,82,120,4476.1
Подшипники,74,S1077,"ИП ""ЭлектроМир-77""",31749958,0.71,74.61,t,82,120,4476.1
Подшипники,75,S1051,"ИП ""ЭпсилонТех-51""",31700631,0.71,75.32,t,82,120,4476.1
Подшипники,76,S1025,"ИП ""АльфаСнаб-25""",31603150,0.71,76.03,t,82,120,4476.1
Подшипники,77,S1030,"ИП ""ПромСнаб-30""",31562066,0.71,76.73,t,82,120,4476.1
Подшипники,78,S1102,"ООО ""СибирьОпт-102""",31358653,0.70,77.43,t,82,120,4476.1
Подшипники,79,S1072,"ПАО ""ЭпсилонТех-72""",31032035,0.69,78.13,t,82,120,4476.1
Подшипники,80,S1114,"ИП ""СтанкоСервис-114""",31021593,0.69,78.82,t,82,120,4476.1
Подшипники,81,S1027,"ИП ""БетаТрейд-27""",30138090,0.67,79.49,t,82,120,4476.1
Подшипники,82,S1062,"АО ""ПромСнаб-62""",29918315,0.67,80.16,t,82,120,4476.1
Подшипники,83,S1110,"ООО ""ЭлектроМир-110""",29681537,0.66,80.83,f,82,120,4476.1
Подшипники,84,S1075,"ИП ""ПромСнаб-75""",29058014,0.65,81.48,f,82,120,4476.1
Подшипники,85,S1060,"ООО ""ЭпсилонТех-60""",28710263,0.64,82.12,f,82,120,4476.1
Подшипники,86,S1021,"ПАО ""ГаммаПром-21""",28566117,0.64,82.75,f,82,120,4476.1
Подшипники,87,S1086,"АО ""ВолгаТех-86""",28440484,0.64,83.39,f,82,120,4476.1
Подшипники,88,S1037,"ИП ""ТехКомплект-37""",28148005,0.63,84.02,f,82,120,4476.1
Подшипники,89,S1067,"ИП ""УралДеталь-67""",27842860,0.62,84.64,f,82,120,4476.1
Подшипники,90,S1094,"ПАО ""ТехКомплект-94""",27430963,0.61,85.25,f,82,120,4476.1
Подшипники,91,S1116,"ИП ""Севергруз-116""",27416900,0.61,85.87,f,82,120,4476.1
Подшипники,92,S1107,"ПАО ""БетаТрейд-107""",26945972,0.60,86.47,f,82,120,4476.1
Подшипники,93,S1117,"ООО ""БетаТрейд-117""",26494186,0.59,87.06,f,82,120,4476.1
Подшипники,94,S1003,"АО ""МеталлТорг-3 Групп""",25803543,0.58,87.64,f,82,120,4476.1
Подшипники,95,S1035,"ООО ""АльфаСнаб-35""",25196025,0.56,88.20,f,82,120,4476.1
Подшипники,96,S1041,"ИП ""СибирьОпт-41""",25052240,0.56,88.76,f,82,120,4476.1
Подшипники,97,S1023,"ИП ""Севергруз-23""",24952423,0.56,89.32,f,82,120,4476.1
Подшипники,98,S1105,"АО ""АльфаСнаб-105""",24549253,0.55,89.87,f,82,120,4476.1
Подшипники,99,S1089,"ПАО ""АльфаСнаб-89""",24497253,0.55,90.41,f,82,120,4476.1
Подшипники,100,S1076,"ООО ""МеталлТорг-76""",24289616,0.54,90.96,f,82,120,4476.1
Подшипники,101,S1084,"ИП ""ДельтаЛогистик-84""",23604314,0.53,91.48,f,82,120,4476.1
Подшипники,102,S1024,"ПАО ""СибирьОпт-24""",23396361,0.52,92.01,f,82,120,4476.1
Подшипники,103,S1002,"ПАО ""ЭпсилонТех-2 Групп""",23054203,0.52,92.52,f,82,120,4476.1
Подшипники,104,S1079,"ПАО ""ЭпсилонТех-79""",22502014,0.50,93.02,f,82,120,4476.1
Подшипники,105,S1088,"ИП ""Севергруз-88""",22071815,0.49,93.52,f,82,120,4476.1
Подшипники,106,S1026,"ИП ""ЭлектроМир-26""",21962575,0.49,94.01,f,82,120,4476.1
Подшипники,107,S1092,"ООО ""МеталлТорг-92""",21894300,0.49,94.50,f,82,120,4476.1
Подшипники,108,S1047,"АО ""ЭлектроМир-47""",21777088,0.49,94.98,f,82,120,4476.1
Подшипники,109,S1039,"АО ""ВолгаТех-39""",21657250,0.48,95.47,f,82,120,4476.1
Подшипники,110,S1074,"ООО ""ЭлектроМир-74""",21376931,0.48,95.94,f,82,120,4476.1
Подшипники,111,S1090,"ООО ""БетаТрейд-90""",21237106,0.47,96.42,f,82,120,4476.1
Подшипники,112,S1112,"ПАО ""УралДеталь-112""",20321591,0.45,96.87,f,82,120,4476.1
Подшипники,113,S1071,"ИП ""ГаммаПром-71""",20118531,0.45,97.32,f,82,120,4476.1
Подшипники,114,S1031,"ПАО ""ЭпсилонТех-31""",19330404,0.43,97.75,f,82,120,4476.1
Подшипники,115,S1046,"АО ""ВолгаТех-46""",18656299,0.42,98.17,f,82,120,4476.1
Подшипники,116,S1055,"АО ""ЭпсилонТех-55""",18403159,0.41,98.58,f,82,120,4476.1
Подшипники,117,S1068,"ИП ""УралДеталь-68""",16962239,0.38,98.96,f,82,120,4476.1
Подшипники,118,S1006,"АО ""УралДеталь-6 Групп""",15711354,0.35,99.31,f,82,120,4476.1
Подшипники,119,S1100,"ООО ""СтанкоСервис-100""",15587408,0.35,99.66,f,82,120,4476.1
Подшипники,120,S1007,"ПАО ""ДельтаЛогистик-7 Групп""",15232915,0.34,100.00,f,82,120,4476.1
РТИ,1,S1015,"ООО ""ГидроПром-15 Групп""",76674849,2.22,2.22,t,82,120,3451.6
РТИ,2,S1050,"ИП ""ГидроПром-50""",73519545,2.13,4.35,t,82,120,3451.6
РТИ,3,S1001,"АО ""ВолгаТех-1 Групп""",60737116,1.76,6.11,t,82,120,3451.6
РТИ,4,S1036,"АО ""ВолгаТех-36""",58778636,1.70,7.81,t,82,120,3451.6
РТИ,5,S1087,"ООО ""СтанкоСервис-87""",53987237,1.56,9.38,t,82,120,3451.6
РТИ,6,S1076,"ООО ""МеталлТорг-76""",52595761,1.52,10.90,t,82,120,3451.6
РТИ,7,S1043,"ПАО ""ВолгаТех-43""",51144961,1.48,12.38,t,82,120,3451.6
РТИ,8,S1004,"ПАО ""ГаммаПром-4 Групп""",46721220,1.35,13.74,t,82,120,3451.6
РТИ,9,S1067,"ИП ""УралДеталь-67""",42771858,1.24,14.98,t,82,120,3451.6
РТИ,10,S1091,"ИП ""ТехКомплект-91""",42649175,1.24,16.21,t,82,120,3451.6
РТИ,11,S1115,"АО ""МеталлТорг-115""",42615201,1.23,17.45,t,82,120,3451.6
РТИ,12,S1090,"ООО ""БетаТрейд-90""",42308694,1.23,18.67,t,82,120,3451.6
РТИ,13,S1020,"ООО ""Севергруз-20""",41662376,1.21,19.88,t,82,120,3451.6
РТИ,14,S1007,"ПАО ""ДельтаЛогистик-7 Групп""",41308367,1.20,21.08,t,82,120,3451.6
РТИ,15,S1079,"ПАО ""ЭпсилонТех-79""",40492548,1.17,22.25,t,82,120,3451.6
РТИ,16,S1021,"ПАО ""ГаммаПром-21""",39428924,1.14,23.39,t,82,120,3451.6
РТИ,17,S1101,"АО ""ЭлектроМир-101""",39410075,1.14,24.53,t,82,120,3451.6
РТИ,18,S1009,"ИП ""ДельтаЛогистик-9 Групп""",39046954,1.13,25.66,t,82,120,3451.6
РТИ,19,S1080,"ИП ""СибирьОпт-80""",37267977,1.08,26.74,t,82,120,3451.6
РТИ,20,S1054,"ООО ""СибирьОпт-54""",36887519,1.07,27.81,t,82,120,3451.6
РТИ,21,S1006,"АО ""УралДеталь-6 Групп""",36755415,1.06,28.88,t,82,120,3451.6
РТИ,22,S1065,"АО ""ГидроПром-65""",36590843,1.06,29.94,t,82,120,3451.6
РТИ,23,S1077,"ИП ""ЭлектроМир-77""",36498028,1.06,31.00,t,82,120,3451.6
РТИ,24,S1028,"ИП ""БетаТрейд-28""",36294305,1.05,32.05,t,82,120,3451.6
РТИ,25,S1094,"ПАО ""ТехКомплект-94""",35992407,1.04,33.09,t,82,120,3451.6
РТИ,26,S1022,"ООО ""АльфаСнаб-22""",35677212,1.03,34.12,t,82,120,3451.6
РТИ,27,S1005,"ИП ""Севергруз-5 Групп""",35495820,1.03,35.15,t,82,120,3451.6
РТИ,28,S1066,"АО ""ВолгаТех-66""",35259373,1.02,36.17,t,82,120,3451.6
РТИ,29,S1029,"ООО ""МеталлТорг-29""",34662534,1.00,37.18,t,82,120,3451.6
РТИ,30,S1102,"ООО ""СибирьОпт-102""",34453619,1.00,38.18,t,82,120,3451.6
РТИ,31,S1075,"ИП ""ПромСнаб-75""",34215474,0.99,39.17,t,82,120,3451.6
РТИ,32,S1002,"ПАО ""ЭпсилонТех-2 Групп""",34144539,0.99,40.16,t,82,120,3451.6
РТИ,33,S1103,"ИП ""СибирьОпт-103""",33405887,0.97,41.12,t,82,120,3451.6
РТИ,34,S1039,"АО ""ВолгаТех-39""",33252471,0.96,42.09,t,82,120,3451.6
РТИ,35,S1049,"АО ""СтанкоСервис-49""",33232013,0.96,43.05,t,82,120,3451.6
РТИ,36,S1063,"ПАО ""СибирьОпт-63""",32111493,0.93,43.98,t,82,120,3451.6
РТИ,37,S1064,"ИП ""ВолгаТех-64""",31602270,0.92,44.90,t,82,120,3451.6
РТИ,38,S1059,"ООО ""Севергруз-59""",31354036,0.91,45.80,t,82,120,3451.6
РТИ,39,S1033,"АО ""ГаммаПром-33""",31122146,0.90,46.71,t,82,120,3451.6
РТИ,40,S1026,"ИП ""ЭлектроМир-26""",31021657,0.90,47.61,t,82,120,3451.6
РТИ,41,S1061,"ИП ""ПромСнаб-61""",30791783,0.89,48.50,t,82,120,3451.6
РТИ,42,S1120,"ИП ""Севергруз-120""",30697499,0.89,49.39,t,82,120,3451.6
РТИ,43,S1025,"ИП ""АльфаСнаб-25""",30259990,0.88,50.26,t,82,120,3451.6
РТИ,44,S1042,"ООО ""УралДеталь-42""",30160205,0.87,51.14,t,82,120,3451.6
РТИ,45,S1003,"АО ""МеталлТорг-3 Групп""",29967868,0.87,52.01,t,82,120,3451.6
РТИ,46,S1035,"ООО ""АльфаСнаб-35""",29437093,0.85,52.86,t,82,120,3451.6
РТИ,47,S1019,"ИП ""АльфаСнаб-19""",29428261,0.85,53.71,t,82,120,3451.6
РТИ,48,S1110,"ООО ""ЭлектроМир-110""",29364697,0.85,54.56,t,82,120,3451.6
РТИ,49,S1081,"АО ""ЭпсилонТех-81""",29354144,0.85,55.41,t,82,120,3451.6
РТИ,50,S1082,"ПАО ""ГидроПром-82""",29326089,0.85,56.26,t,82,120,3451.6
РТИ,51,S1099,"АО ""ЭлектроМир-99""",29234186,0.85,57.11,t,82,120,3451.6
РТИ,52,S1111,"ООО ""СибирьОпт-111""",28730796,0.83,57.94,t,82,120,3451.6
РТИ,53,S1062,"АО ""ПромСнаб-62""",28608276,0.83,58.77,t,82,120,3451.6
РТИ,54,S1008,"АО ""ТехКомплект-8 Групп""",28231838,0.82,59.59,t,82,120,3451.6
РТИ,55,S1083,"ПАО ""ЭлектроМир-83""",28227448,0.82,60.41,t,82,120,3451.6
РТИ,56,S1107,"ПАО ""БетаТрейд-107""",27964065,0.81,61.22,t,82,120,3451.6
РТИ,57,S1109,"ПАО ""СибирьОпт-109""",27898948,0.81,62.02,t,82,120,3451.6
РТИ,58,S1093,"АО ""УралДеталь-93""",27758067,0.80,62.83,t,82,120,3451.6
РТИ,59,S1118,"ООО ""СтанкоСервис-118""",27642467,0.80,63.63,t,82,120,3451.6
РТИ,60,S1011,"ООО ""ПромСнаб-11 Групп""",27388287,0.79,64.42,t,82,120,3451.6
РТИ,61,S1044,"АО ""ГидроПром-44""",27126097,0.79,65.21,t,82,120,3451.6
РТИ,62,S1074,"ООО ""ЭлектроМир-74""",26729061,0.77,65.98,t,82,120,3451.6
РТИ,63,S1069,"ПАО ""Севергруз-69""",26613282,0.77,66.75,t,82,120,3451.6
РТИ,64,S1040,"ИП ""УралДеталь-40""",26154256,0.76,67.51,t,82,120,3451.6
РТИ,65,S1056,"ПАО ""ВолгаТех-56""",26078125,0.76,68.27,t,82,120,3451.6
РТИ,66,S1095,"ПАО ""ЭлектроМир-95""",26021483,0.75,69.02,t,82,120,3451.6
РТИ,67,S1023,"ИП ""Севергруз-23""",25689964,0.74,69.77,t,82,120,3451.6
РТИ,68,S1014,"ИП ""ЭпсилонТех-14 Групп""",25524154,0.74,70.50,t,82,120,3451.6
РТИ,69,S1016,"ПАО ""ЭпсилонТех-16""",25266967,0.73,71.24,t,82,120,3451.6
РТИ,70,S1048,"ООО ""ДельтаЛогистик-48""",24950803,0.72,71.96,t,82,120,3451.6
РТИ,71,S1030,"ИП ""ПромСнаб-30""",24683174,0.72,72.67,t,82,120,3451.6
РТИ,72,S1052,"ПАО ""УралДеталь-52""",24540836,0.71,73.39,t,82,120,3451.6
РТИ,73,S1057,"ПАО ""ЭлектроМир-57""",24264162,0.70,74.09,t,82,120,3451.6
РТИ,74,S1116,"ИП ""Севергруз-116""",24232679,0.70,74.79,t,82,120,3451.6
РТИ,75,S1037,"ИП ""ТехКомплект-37""",24133847,0.70,75.49,t,82,120,3451.6
РТИ,76,S1098,"ПАО ""СтанкоСервис-98""",23282341,0.67,76.16,t,82,120,3451.6
РТИ,77,S1086,"АО ""ВолгаТех-86""",23249090,0.67,76.84,t,82,120,3451.6
РТИ,78,S1018,"АО ""ЭпсилонТех-18""",23171092,0.67,77.51,t,82,120,3451.6
РТИ,79,S1088,"ИП ""Севергруз-88""",23108055,0.67,78.18,t,82,120,3451.6
РТИ,80,S1027,"ИП ""БетаТрейд-27""",23065893,0.67,78.85,t,82,120,3451.6
РТИ,81,S1024,"ПАО ""СибирьОпт-24""",22700985,0.66,79.50,t,82,120,3451.6
РТИ,82,S1097,"ООО ""ВолгаТех-97""",22695698,0.66,80.16,t,82,120,3451.6
РТИ,83,S1046,"АО ""ВолгаТех-46""",22691381,0.66,80.82,f,82,120,3451.6
РТИ,84,S1068,"ИП ""УралДеталь-68""",22313341,0.65,81.47,f,82,120,3451.6
РТИ,85,S1078,"ООО ""ДельтаЛогистик-78""",22117798,0.64,82.11,f,82,120,3451.6
РТИ,86,S1010,"ПАО ""ГидроПром-10 Групп""",22070214,0.64,82.75,f,82,120,3451.6
РТИ,87,S1034,"АО ""СтанкоСервис-34""",21515891,0.62,83.37,f,82,120,3451.6
РТИ,88,S1117,"ООО ""БетаТрейд-117""",21264889,0.62,83.99,f,82,120,3451.6
РТИ,89,S1114,"ИП ""СтанкоСервис-114""",21078292,0.61,84.60,f,82,120,3451.6
РТИ,90,S1045,"ООО ""ТехКомплект-45""",21016195,0.61,85.21,f,82,120,3451.6
РТИ,91,S1085,"ООО ""ПромСнаб-85""",20790880,0.60,85.81,f,82,120,3451.6
РТИ,92,S1104,"ИП ""ГидроПром-104""",20700618,0.60,86.41,f,82,120,3451.6
РТИ,93,S1108,"ИП ""УралДеталь-108""",20419316,0.59,87.00,f,82,120,3451.6
РТИ,94,S1041,"ИП ""СибирьОпт-41""",20372219,0.59,87.59,f,82,120,3451.6
РТИ,95,S1089,"ПАО ""АльфаСнаб-89""",20307835,0.59,88.18,f,82,120,3451.6
РТИ,96,S1119,"ИП ""СтанкоСервис-119""",20207390,0.59,88.76,f,82,120,3451.6
РТИ,97,S1060,"ООО ""ЭпсилонТех-60""",19838960,0.57,89.34,f,82,120,3451.6
РТИ,98,S1092,"ООО ""МеталлТорг-92""",19594075,0.57,89.91,f,82,120,3451.6
РТИ,99,S1070,"АО ""МеталлТорг-70""",19369906,0.56,90.47,f,82,120,3451.6
РТИ,100,S1096,"ООО ""СибирьОпт-96""",19264491,0.56,91.02,f,82,120,3451.6
РТИ,101,S1071,"ИП ""ГаммаПром-71""",18904992,0.55,91.57,f,82,120,3451.6
РТИ,102,S1073,"ИП ""АльфаСнаб-73""",18649862,0.54,92.11,f,82,120,3451.6
РТИ,103,S1084,"ИП ""ДельтаЛогистик-84""",18476368,0.54,92.65,f,82,120,3451.6
РТИ,104,S1112,"ПАО ""УралДеталь-112""",18444195,0.53,93.18,f,82,120,3451.6
РТИ,105,S1058,"ПАО ""Севергруз-58""",18264406,0.53,93.71,f,82,120,3451.6
РТИ,106,S1017,"ООО ""ГидроПром-17""",17795845,0.52,94.23,f,82,120,3451.6
РТИ,107,S1038,"ИП ""БетаТрейд-38""",17769676,0.51,94.74,f,82,120,3451.6
РТИ,108,S1106,"ИП ""ТехКомплект-106""",17651678,0.51,95.25,f,82,120,3451.6
РТИ,109,S1012,"ПАО ""АльфаСнаб-12 Групп""",16842797,0.49,95.74,f,82,120,3451.6
РТИ,110,S1032,"ПАО ""Севергруз-32""",15985035,0.46,96.20,f,82,120,3451.6
РТИ,111,S1072,"ПАО ""ЭпсилонТех-72""",15822443,0.46,96.66,f,82,120,3451.6
РТИ,112,S1013,"ПАО ""ГаммаПром-13 Групп""",15567845,0.45,97.11,f,82,120,3451.6
РТИ,113,S1113,"ПАО ""СтанкоСервис-113""",15554818,0.45,97.56,f,82,120,3451.6
РТИ,114,S1100,"ООО ""СтанкоСервис-100""",15279500,0.44,98.01,f,82,120,3451.6
РТИ,115,S1055,"АО ""ЭпсилонТех-55""",13816264,0.40,98.41,f,82,120,3451.6
РТИ,116,S1031,"ПАО ""ЭпсилонТех-31""",12887788,0.37,98.78,f,82,120,3451.6
РТИ,117,S1105,"АО ""АльфаСнаб-105""",12473816,0.36,99.14,f,82,120,3451.6
РТИ,118,S1053,"АО ""ТехКомплект-53""",12126674,0.35,99.49,f,82,120,3451.6
РТИ,119,S1047,"АО ""ЭлектроМир-47""",9645189,0.28,99.77,f,82,120,3451.6
РТИ,120,S1051,"ИП ""ЭпсилонТех-51""",7827940,0.23,100.00,f,82,120,3451.6
Смазочные материалы,1,S1015,"ООО ""ГидроПром-15 Групп""",82644063,2.11,2.11,t,81,120,3909.0
Смазочные материалы,2,S1022,"ООО ""АльфаСнаб-22""",74488334,1.91,4.02,t,81,120,3909.0
Смазочные материалы,3,S1043,"ПАО ""ВолгаТех-43""",72903012,1.87,5.88,t,81,120,3909.0
Смазочные материалы,4,S1104,"ИП ""ГидроПром-104""",69881619,1.79,7.67,t,81,120,3909.0
Смазочные материалы,5,S1107,"ПАО ""БетаТрейд-107""",66902039,1.71,9.38,t,81,120,3909.0
Смазочные материалы,6,S1001,"АО ""ВолгаТех-1 Групп""",57716850,1.48,10.86,t,81,120,3909.0
Смазочные материалы,7,S1074,"ООО ""ЭлектроМир-74""",55548667,1.42,12.28,t,81,120,3909.0
Смазочные материалы,8,S1036,"АО ""ВолгаТех-36""",54942742,1.41,13.69,t,81,120,3909.0
Смазочные материалы,9,S1029,"ООО ""МеталлТорг-29""",54819299,1.40,15.09,t,81,120,3909.0
Смазочные материалы,10,S1108,"ИП ""УралДеталь-108""",54742417,1.40,16.49,t,81,120,3909.0
Смазочные материалы,11,S1109,"ПАО ""СибирьОпт-109""",53706555,1.37,17.86,t,81,120,3909.0
Смазочные материалы,12,S1061,"ИП ""ПромСнаб-61""",52721574,1.35,19.21,t,81,120,3909.0
Смазочные материалы,13,S1094,"ПАО ""ТехКомплект-94""",51502361,1.32,20.53,t,81,120,3909.0
Смазочные материалы,14,S1038,"ИП ""БетаТрейд-38""",50325650,1.29,21.82,t,81,120,3909.0
Смазочные материалы,15,S1030,"ИП ""ПромСнаб-30""",50292121,1.29,23.10,t,81,120,3909.0
Смазочные материалы,16,S1103,"ИП ""СибирьОпт-103""",47455740,1.21,24.32,t,81,120,3909.0
Смазочные материалы,17,S1008,"АО ""ТехКомплект-8 Групп""",45689316,1.17,25.49,t,81,120,3909.0
Смазочные материалы,18,S1019,"ИП ""АльфаСнаб-19""",43586753,1.12,26.60,t,81,120,3909.0
Смазочные материалы,19,S1120,"ИП ""Севергруз-120""",42995349,1.10,27.70,t,81,120,3909.0
Смазочные материалы,20,S1063,"ПАО ""СибирьОпт-63""",42805408,1.10,28.80,t,81,120,3909.0
Смазочные материалы,21,S1064,"ИП ""ВолгаТех-64""",42574395,1.09,29.89,t,81,120,3909.0
Смазочные материалы,22,S1068,"ИП ""УралДеталь-68""",41880178,1.07,30.96,t,81,120,3909.0
Смазочные материалы,23,S1011,"ООО ""ПромСнаб-11 Групп""",40262845,1.03,31.99,t,81,120,3909.0
Смазочные материалы,24,S1033,"АО ""ГаммаПром-33""",40236035,1.03,33.02,t,81,120,3909.0
Смазочные материалы,25,S1021,"ПАО ""ГаммаПром-21""",39970585,1.02,34.04,t,81,120,3909.0
Смазочные материалы,26,S1007,"ПАО ""ДельтаЛогистик-7 Групп""",39829489,1.02,35.06,t,81,120,3909.0
Смазочные материалы,27,S1093,"АО ""УралДеталь-93""",39182718,1.00,36.06,t,81,120,3909.0
Смазочные материалы,28,S1048,"ООО ""ДельтаЛогистик-48""",38952572,1.00,37.06,t,81,120,3909.0
Смазочные материалы,29,S1050,"ИП ""ГидроПром-50""",38734301,0.99,38.05,t,81,120,3909.0
Смазочные материалы,30,S1025,"ИП ""АльфаСнаб-25""",38433334,0.98,39.03,t,81,120,3909.0
Смазочные материалы,31,S1072,"ПАО ""ЭпсилонТех-72""",38355047,0.98,40.01,t,81,120,3909.0
Смазочные материалы,32,S1089,"ПАО ""АльфаСнаб-89""",38140429,0.98,40.99,t,81,120,3909.0
Смазочные материалы,33,S1004,"ПАО ""ГаммаПром-4 Групп""",38099027,0.97,41.96,t,81,120,3909.0
Смазочные материалы,34,S1090,"ООО ""БетаТрейд-90""",37784961,0.97,42.93,t,81,120,3909.0
Смазочные материалы,35,S1101,"АО ""ЭлектроМир-101""",37620770,0.96,43.89,t,81,120,3909.0
Смазочные материалы,36,S1110,"ООО ""ЭлектроМир-110""",37617527,0.96,44.85,t,81,120,3909.0
Смазочные материалы,37,S1080,"ИП ""СибирьОпт-80""",37587725,0.96,45.82,t,81,120,3909.0
Смазочные материалы,38,S1009,"ИП ""ДельтаЛогистик-9 Групп""",37474474,0.96,46.77,t,81,120,3909.0
Смазочные материалы,39,S1051,"ИП ""ЭпсилонТех-51""",37363744,0.96,47.73,t,81,120,3909.0
Смазочные материалы,40,S1075,"ИП ""ПромСнаб-75""",36466337,0.93,48.66,t,81,120,3909.0
Смазочные материалы,41,S1082,"ПАО ""ГидроПром-82""",36109509,0.92,49.59,t,81,120,3909.0
Смазочные материалы,42,S1117,"ООО ""БетаТрейд-117""",35868861,0.92,50.50,t,81,120,3909.0
Смазочные материалы,43,S1065,"АО ""ГидроПром-65""",35582005,0.91,51.42,t,81,120,3909.0
Смазочные материалы,44,S1114,"ИП ""СтанкоСервис-114""",34431589,0.88,52.30,t,81,120,3909.0
Смазочные материалы,45,S1026,"ИП ""ЭлектроМир-26""",34404365,0.88,53.18,t,81,120,3909.0
Смазочные материалы,46,S1070,"АО ""МеталлТорг-70""",33729615,0.86,54.04,t,81,120,3909.0
Смазочные материалы,47,S1067,"ИП ""УралДеталь-67""",33397951,0.85,54.89,t,81,120,3909.0
Смазочные материалы,48,S1085,"ООО ""ПромСнаб-85""",32751268,0.84,55.73,t,81,120,3909.0
Смазочные материалы,49,S1077,"ИП ""ЭлектроМир-77""",32380931,0.83,56.56,t,81,120,3909.0
Смазочные материалы,50,S1115,"АО ""МеталлТорг-115""",32125547,0.82,57.38,t,81,120,3909.0
Смазочные материалы,51,S1037,"ИП ""ТехКомплект-37""",31764652,0.81,58.19,t,81,120,3909.0
Смазочные материалы,52,S1006,"АО ""УралДеталь-6 Групп""",31548571,0.81,59.00,t,81,120,3909.0
Смазочные материалы,53,S1079,"ПАО ""ЭпсилонТех-79""",31274757,0.80,59.80,t,81,120,3909.0
Смазочные материалы,54,S1039,"АО ""ВолгаТех-39""",31209969,0.80,60.60,t,81,120,3909.0
Смазочные материалы,55,S1042,"ООО ""УралДеталь-42""",31048593,0.79,61.39,t,81,120,3909.0
Смазочные материалы,56,S1010,"ПАО ""ГидроПром-10 Групп""",30986411,0.79,62.19,t,81,120,3909.0
Смазочные материалы,57,S1098,"ПАО ""СтанкоСервис-98""",30945473,0.79,62.98,t,81,120,3909.0
Смазочные материалы,58,S1062,"АО ""ПромСнаб-62""",30010104,0.77,63.75,t,81,120,3909.0
Смазочные материалы,59,S1073,"ИП ""АльфаСнаб-73""",29972303,0.77,64.51,t,81,120,3909.0
Смазочные материалы,60,S1054,"ООО ""СибирьОпт-54""",29911805,0.77,65.28,t,81,120,3909.0
Смазочные материалы,61,S1002,"ПАО ""ЭпсилонТех-2 Групп""",29635190,0.76,66.04,t,81,120,3909.0
Смазочные материалы,62,S1116,"ИП ""Севергруз-116""",29568933,0.76,66.79,t,81,120,3909.0
Смазочные материалы,63,S1005,"ИП ""Севергруз-5 Групп""",29550401,0.76,67.55,t,81,120,3909.0
Смазочные материалы,64,S1014,"ИП ""ЭпсилонТех-14 Групп""",29513609,0.76,68.30,t,81,120,3909.0
Смазочные материалы,65,S1052,"ПАО ""УралДеталь-52""",29471086,0.75,69.06,t,81,120,3909.0
Смазочные материалы,66,S1040,"ИП ""УралДеталь-40""",29431140,0.75,69.81,t,81,120,3909.0
Смазочные материалы,67,S1016,"ПАО ""ЭпсилонТех-16""",29266227,0.75,70.56,t,81,120,3909.0
Смазочные материалы,68,S1102,"ООО ""СибирьОпт-102""",29259656,0.75,71.31,t,81,120,3909.0
Смазочные материалы,69,S1031,"ПАО ""ЭпсилонТех-31""",29036984,0.74,72.05,t,81,120,3909.0
Смазочные материалы,70,S1087,"ООО ""СтанкоСервис-87""",28957672,0.74,72.79,t,81,120,3909.0
Смазочные материалы,71,S1057,"ПАО ""ЭлектроМир-57""",28816720,0.74,73.53,t,81,120,3909.0
Смазочные материалы,72,S1076,"ООО ""МеталлТорг-76""",28705817,0.73,74.26,t,81,120,3909.0
Смазочные материалы,73,S1059,"ООО ""Севергруз-59""",28538089,0.73,74.99,t,81,120,3909.0
Смазочные материалы,74,S1099,"АО ""ЭлектроМир-99""",28498954,0.73,75.72,t,81,120,3909.0
Смазочные материалы,75,S1113,"ПАО ""СтанкоСервис-113""",28332559,0.72,76.45,t,81,120,3909.0
Смазочные материалы,76,S1053,"АО ""ТехКомплект-53""",28058157,0.72,77.16,t,81,120,3909.0
Смазочные материалы,77,S1091,"ИП ""ТехКомплект-91""",27600319,0.71,77.87,t,81,120,3909.0
Смазочные материалы,78,S1106,"ИП ""ТехКомплект-106""",27215375,0.70,78.57,t,81,120,3909.0
Смазочные материалы,79,S1058,"ПАО ""Севергруз-58""",26454840,0.68,79.24,t,81,120,3909.0
Смазочные материалы,80,S1084,"ИП ""ДельтаЛогистик-84""",26391995,0.68,79.92,t,81,120,3909.0
Смазочные материалы,81,S1097,"ООО ""ВолгаТех-97""",25586996,0.65,80.57,t,81,120,3909.0
Смазочные материалы,82,S1017,"ООО ""ГидроПром-17""",25303623,0.65,81.22,f,81,120,3909.0
Смазочные материалы,83,S1003,"АО ""МеталлТорг-3 Групп""",25248262,0.65,81.87,f,81,120,3909.0
Смазочные материалы,84,S1071,"ИП ""ГаммаПром-71""",24629801,0.63,82.50,f,81,120,3909.0
Смазочные материалы,85,S1060,"ООО ""ЭпсилонТех-60""",24466234,0.63,83.12,f,81,120,3909.0
Смазочные материалы,86,S1018,"АО ""ЭпсилонТех-18""",23981513,0.61,83.74,f,81,120,3909.0
Смазочные материалы,87,S1055,"АО ""ЭпсилонТех-55""",23513814,0.60,84.34,f,81,120,3909.0
Смазочные материалы,88,S1078,"ООО ""ДельтаЛогистик-78""",23253710,0.59,84.93,f,81,120,3909.0
Смазочные материалы,89,S1027,"ИП ""БетаТрейд-27""",23025667,0.59,85.52,f,81,120,3909.0
Смазочные материалы,90,S1045,"ООО ""ТехКомплект-45""",22757226,0.58,86.10,f,81,120,3909.0
Смазочные материалы,91,S1096,"ООО ""СибирьОпт-96""",22680983,0.58,86.68,f,81,120,3909.0
Смазочные материалы,92,S1112,"ПАО ""УралДеталь-112""",22512717,0.58,87.26,f,81,120,3909.0
Смазочные материалы,93,S1081,"АО ""ЭпсилонТех-81""",22449311,0.57,87.83,f,81,120,3909.0
Смазочные материалы,94,S1012,"ПАО ""АльфаСнаб-12 Групп""",22107674,0.57,88.40,f,81,120,3909.0
Смазочные материалы,95,S1041,"ИП ""СибирьОпт-41""",21428795,0.55,88.95,f,81,120,3909.0
Смазочные материалы,96,S1024,"ПАО ""СибирьОпт-24""",21278885,0.54,89.49,f,81,120,3909.0
Смазочные материалы,97,S1100,"ООО ""СтанкоСервис-100""",21161597,0.54,90.03,f,81,120,3909.0
Смазочные материалы,98,S1095,"ПАО ""ЭлектроМир-95""",21138287,0.54,90.57,f,81,120,3909.0
Смазочные материалы,99,S1032,"ПАО ""Севергруз-32""",20384043,0.52,91.10,f,81,120,3909.0
Смазочные материалы,100,S1083,"ПАО ""ЭлектроМир-83""",20255230,0.52,91.61,f,81,120,3909.0
Смазочные материалы,101,S1049,"АО ""СтанкоСервис-49""",20119461,0.51,92.13,f,81,120,3909.0
Смазочные материалы,102,S1028,"ИП ""БетаТрейд-28""",20102039,0.51,92.64,f,81,120,3909.0
Смазочные материалы,103,S1047,"АО ""ЭлектроМир-47""",19552766,0.50,93.14,f,81,120,3909.0
Смазочные материалы,104,S1020,"ООО ""Севергруз-20""",19193895,0.49,93.63,f,81,120,3909.0
Смазочные материалы,105,S1066,"АО ""ВолгаТех-66""",18435945,0.47,94.11,f,81,120,3909.0
Смазочные материалы,106,S1035,"ООО ""АльфаСнаб-35""",18163193,0.46,94.57,f,81,120,3909.0
Смазочные материалы,107,S1044,"АО ""ГидроПром-44""",18138565,0.46,95.03,f,81,120,3909.0
Смазочные материалы,108,S1111,"ООО ""СибирьОпт-111""",17378292,0.44,95.48,f,81,120,3909.0
Смазочные материалы,109,S1069,"ПАО ""Севергруз-69""",17108464,0.44,95.92,f,81,120,3909.0
Смазочные материалы,110,S1056,"ПАО ""ВолгаТех-56""",16770493,0.43,96.35,f,81,120,3909.0
Смазочные материалы,111,S1013,"ПАО ""ГаммаПром-13 Групп""",16683487,0.43,96.77,f,81,120,3909.0
Смазочные материалы,112,S1105,"АО ""АльфаСнаб-105""",16582950,0.42,97.20,f,81,120,3909.0
Смазочные материалы,113,S1088,"ИП ""Севергруз-88""",15086550,0.39,97.58,f,81,120,3909.0
Смазочные материалы,114,S1118,"ООО ""СтанкоСервис-118""",14899541,0.38,97.96,f,81,120,3909.0
Смазочные материалы,115,S1023,"ИП ""Севергруз-23""",14767799,0.38,98.34,f,81,120,3909.0
Смазочные материалы,116,S1046,"АО ""ВолгаТех-46""",14197481,0.36,98.70,f,81,120,3909.0
Смазочные материалы,117,S1119,"ИП ""СтанкоСервис-119""",13623689,0.35,99.05,f,81,120,3909.0
Смазочные материалы,118,S1092,"ООО ""МеталлТорг-92""",13620297,0.35,99.40,f,81,120,3909.0
Смазочные материалы,119,S1034,"АО ""СтанкоСервис-34""",13125052,0.34,99.74,f,81,120,3909.0
Смазочные материалы,120,S1086,"АО ""ВолгаТех-86""",10252636,0.26,100.00,f,81,120,3909.0
Спецодежда,1,S1001,"АО ""ВолгаТех-1 Групп""",84281338,2.47,2.47,t,80,120,3413.6
Спецодежда,2,S1015,"ООО ""ГидроПром-15 Групп""",73273732,2.15,4.62,t,80,120,3413.6
Спецодежда,3,S1029,"ООО ""МеталлТорг-29""",69711875,2.04,6.66,t,80,120,3413.6
Спецодежда,4,S1008,"АО ""ТехКомплект-8 Групп""",60640491,1.78,8.43,t,80,120,3413.6
Спецодежда,5,S1030,"ИП ""ПромСнаб-30""",56405645,1.65,10.09,t,80,120,3413.6
Спецодежда,6,S1036,"АО ""ВолгаТех-36""",53637895,1.57,11.66,t,80,120,3413.6
Спецодежда,7,S1048,"ООО ""ДельтаЛогистик-48""",52474287,1.54,13.19,t,80,120,3413.6
Спецодежда,8,S1016,"ПАО ""ЭпсилонТех-16""",52225535,1.53,14.72,t,80,120,3413.6
Спецодежда,9,S1021,"ПАО ""ГаммаПром-21""",49325651,1.44,16.17,t,80,120,3413.6
Спецодежда,10,S1006,"АО ""УралДеталь-6 Групп""",45278789,1.33,17.50,t,80,120,3413.6
Спецодежда,11,S1107,"ПАО ""БетаТрейд-107""",45232286,1.33,18.82,t,80,120,3413.6
Спецодежда,12,S1025,"ИП ""АльфаСнаб-25""",45011040,1.32,20.14,t,80,120,3413.6
Спецодежда,13,S1098,"ПАО ""СтанкоСервис-98""",43898711,1.29,21.43,t,80,120,3413.6
Спецодежда,14,S1013,"ПАО ""ГаммаПром-13 Групп""",42916863,1.26,22.68,t,80,120,3413.6
Спецодежда,15,S1043,"ПАО ""ВолгаТех-43""",41565429,1.22,23.90,t,80,120,3413.6
Спецодежда,16,S1097,"ООО ""ВолгаТех-97""",39919242,1.17,25.07,t,80,120,3413.6
Спецодежда,17,S1022,"ООО ""АльфаСнаб-22""",39775146,1.17,26.24,t,80,120,3413.6
Спецодежда,18,S1044,"АО ""ГидроПром-44""",39095485,1.15,27.38,t,80,120,3413.6
Спецодежда,19,S1023,"ИП ""Севергруз-23""",37422017,1.10,28.48,t,80,120,3413.6
Спецодежда,20,S1068,"ИП ""УралДеталь-68""",37275657,1.09,29.57,t,80,120,3413.6
Спецодежда,21,S1061,"ИП ""ПромСнаб-61""",36504142,1.07,30.64,t,80,120,3413.6
Спецодежда,22,S1057,"ПАО ""ЭлектроМир-57""",36433747,1.07,31.71,t,80,120,3413.6
Спецодежда,23,S1003,"АО ""МеталлТорг-3 Групп""",36306224,1.06,32.77,t,80,120,3413.6
Спецодежда,24,S1009,"ИП ""ДельтаЛогистик-9 Групп""",35786966,1.05,33.82,t,80,120,3413.6
Спецодежда,25,S1041,"ИП ""СибирьОпт-41""",35667521,1.04,34.86,t,80,120,3413.6
Спецодежда,26,S1019,"ИП ""АльфаСнаб-19""",35482919,1.04,35.90,t,80,120,3413.6
Спецодежда,27,S1078,"ООО ""ДельтаЛогистик-78""",35431829,1.04,36.94,t,80,120,3413.6
Спецодежда,28,S1059,"ООО ""Севергруз-59""",34906922,1.02,37.96,t,80,120,3413.6
Спецодежда,29,S1080,"ИП ""СибирьОпт-80""",34766575,1.02,38.98,t,80,120,3413.6
Спецодежда,30,S1064,"ИП ""ВолгаТех-64""",34738815,1.02,40.00,t,80,120,3413.6
Спецодежда,31,S1117,"ООО ""БетаТрейд-117""",34365262,1.01,41.01,t,80,120,3413.6
Спецодежда,32,S1119,"ИП ""СтанкоСервис-119""",34126253,1.00,42.00,t,80,120,3413.6
Спецодежда,33,S1114,"ИП ""СтанкоСервис-114""",33959890,0.99,43.00,t,80,120,3413.6
Спецодежда,34,S1103,"ИП ""СибирьОпт-103""",33326802,0.98,43.98,t,80,120,3413.6
Спецодежда,35,S1082,"ПАО ""ГидроПром-82""",32994353,0.97,44.94,t,80,120,3413.6
Спецодежда,36,S1039,"АО ""ВолгаТех-39""",32433585,0.95,45.89,t,80,120,3413.6
Спецодежда,37,S1051,"ИП ""ЭпсилонТех-51""",32272638,0.95,46.84,t,80,120,3413.6
Спецодежда,38,S1033,"АО ""ГаммаПром-33""",31408316,0.92,47.76,t,80,120,3413.6
Спецодежда,39,S1002,"ПАО ""ЭпсилонТех-2 Групп""",31000014,0.91,48.67,t,80,120,3413.6
Спецодежда,40,S1115,"АО ""МеталлТорг-115""",30421151,0.89,49.56,t,80,120,3413.6
Спецодежда,41,S1024,"ПАО ""СибирьОпт-24""",30393612,0.89,50.45,t,80,120,3413.6
Спецодежда,42,S1017,"ООО ""ГидроПром-17""",30262539,0.89,51.33,t,80,120,3413.6
Спецодежда,43,S1063,"ПАО ""СибирьОпт-63""",30073784,0.88,52.22,t,80,120,3413.6
Спецодежда,44,S1111,"ООО ""СибирьОпт-111""",30028046,0.88,53.09,t,80,120,3413.6
Спецодежда,45,S1100,"ООО ""СтанкоСервис-100""",29984565,0.88,53.97,t,80,120,3413.6
Спецодежда,46,S1077,"ИП ""ЭлектроМир-77""",29851370,0.87,54.85,t,80,120,3413.6
Спецодежда,47,S1032,"ПАО ""Севергруз-32""",29807932,0.87,55.72,t,80,120,3413.6
Спецодежда,48,S1037,"ИП ""ТехКомплект-37""",29769507,0.87,56.59,t,80,120,3413.6
Спецодежда,49,S1073,"ИП ""АльфаСнаб-73""",29733047,0.87,57.46,t,80,120,3413.6
Спецодежда,50,S1050,"ИП ""ГидроПром-50""",29433508,0.86,58.33,t,80,120,3413.6
Спецодежда,51,S1056,"ПАО ""ВолгаТех-56""",28990804,0.85,59.18,t,80,120,3413.6
Спецодежда,52,S1099,"АО ""ЭлектроМир-99""",28796267,0.84,60.02,t,80,120,3413.6
Спецодежда,53,S1038,"ИП ""БетаТрейд-38""",28643693,0.84,60.86,t,80,120,3413.6
Спецодежда,54,S1113,"ПАО ""СтанкоСервис-113""",28129120,0.82,61.68,t,80,120,3413.6
Спецодежда,55,S1090,"ООО ""БетаТрейд-90""",27966899,0.82,62.50,t,80,120,3413.6
Спецодежда,56,S1102,"ООО ""СибирьОпт-102""",26921992,0.79,63.29,t,80,120,3413.6
Спецодежда,57,S1085,"ООО ""ПромСнаб-85""",26603104,0.78,64.07,t,80,120,3413.6
Спецодежда,58,S1069,"ПАО ""Севергруз-69""",26416207,0.77,64.84,t,80,120,3413.6
Спецодежда,59,S1087,"ООО ""СтанкоСервис-87""",26222729,0.77,65.61,t,80,120,3413.6
Спецодежда,60,S1110,"ООО ""ЭлектроМир-110""",25346835,0.74,66.35,t,80,120,3413.6
Спецодежда,61,S1047,"АО ""ЭлектроМир-47""",25298199,0.74,67.10,t,80,120,3413.6
Спецодежда,62,S1027,"ИП ""БетаТрейд-27""",25106363,0.74,67.83,t,80,120,3413.6
Спецодежда,63,S1081,"АО ""ЭпсилонТех-81""",24983498,0.73,68.56,t,80,120,3413.6
Спецодежда,64,S1070,"АО ""МеталлТорг-70""",24981111,0.73,69.29,t,80,120,3413.6
Спецодежда,65,S1091,"ИП ""ТехКомплект-91""",24845809,0.73,70.02,t,80,120,3413.6
Спецодежда,66,S1031,"ПАО ""ЭпсилонТех-31""",24388836,0.71,70.74,t,80,120,3413.6
Спецодежда,67,S1004,"ПАО ""ГаммаПром-4 Групп""",24272917,0.71,71.45,t,80,120,3413.6
Спецодежда,68,S1094,"ПАО ""ТехКомплект-94""",24207855,0.71,72.16,t,80,120,3413.6
Спецодежда,69,S1109,"ПАО ""СибирьОпт-109""",24117005,0.71,72.86,t,80,120,3413.6
Спецодежда,70,S1034,"АО ""СтанкоСервис-34""",23503570,0.69,73.55,t,80,120,3413.6
Спецодежда,71,S1060,"ООО ""ЭпсилонТех-60""",23347132,0.68,74.24,t,80,120,3413.6
Спецодежда,72,S1071,"ИП ""ГаммаПром-71""",23140978,0.68,74.91,t,80,120,3413.6
Спецодежда,73,S1104,"ИП ""ГидроПром-104""",23116905,0.68,75.59,t,80,120,3413.6
Спецодежда,74,S1095,"ПАО ""ЭлектроМир-95""",23099450,0.68,76.27,t,80,120,3413.6
Спецодежда,75,S1079,"ПАО ""ЭпсилонТех-79""",22993468,0.67,76.94,t,80,120,3413.6
Спецодежда,76,S1101,"АО ""ЭлектроМир-101""",22862955,0.67,77.61,t,80,120,3413.6
Спецодежда,77,S1012,"ПАО ""АльфаСнаб-12 Групп""",22624082,0.66,78.27,t,80,120,3413.6
Спецодежда,78,S1005,"ИП ""Севергруз-5 Групп""",22587968,0.66,78.94,t,80,120,3413.6
Спецодежда,79,S1083,"ПАО ""ЭлектроМир-83""",22251042,0.65,79.59,t,80,120,3413.6
Спецодежда,80,S1096,"ООО ""СибирьОпт-96""",21938420,0.64,80.23,t,80,120,3413.6
Спецодежда,81,S1058,"ПАО ""Севергруз-58""",21685351,0.64,80.87,f,80,120,3413.6
Спецодежда,82,S1120,"ИП ""Севергруз-120""",21642283,0.63,81.50,f,80,120,3413.6
Спецодежда,83,S1088,"ИП ""Севергруз-88""",21619649,0.63,82.13,f,80,120,3413.6
Спецодежда,84,S1055,"АО ""ЭпсилонТех-55""",21451552,0.63,82.76,f,80,120,3413.6
Спецодежда,85,S1106,"ИП ""ТехКомплект-106""",21129545,0.62,83.38,f,80,120,3413.6
Спецодежда,86,S1026,"ИП ""ЭлектроМир-26""",21006125,0.62,84.00,f,80,120,3413.6
Спецодежда,87,S1065,"АО ""ГидроПром-65""",20922434,0.61,84.61,f,80,120,3413.6
Спецодежда,88,S1086,"АО ""ВолгаТех-86""",20258018,0.59,85.20,f,80,120,3413.6
Спецодежда,89,S1105,"АО ""АльфаСнаб-105""",20212194,0.59,85.79,f,80,120,3413.6
Спецодежда,90,S1028,"ИП ""БетаТрейд-28""",19873429,0.58,86.38,f,80,120,3413.6
Спецодежда,91,S1054,"ООО ""СибирьОпт-54""",19792219,0.58,86.96,f,80,120,3413.6
Спецодежда,92,S1118,"ООО ""СтанкоСервис-118""",19559508,0.57,87.53,f,80,120,3413.6
Спецодежда,93,S1076,"ООО ""МеталлТорг-76""",19460630,0.57,88.10,f,80,120,3413.6
Спецодежда,94,S1084,"ИП ""ДельтаЛогистик-84""",19279533,0.56,88.66,f,80,120,3413.6
Спецодежда,95,S1011,"ООО ""ПромСнаб-11 Групп""",19150399,0.56,89.22,f,80,120,3413.6
Спецодежда,96,S1072,"ПАО ""ЭпсилонТех-72""",19131744,0.56,89.78,f,80,120,3413.6
Спецодежда,97,S1007,"ПАО ""ДельтаЛогистик-7 Групп""",18912792,0.55,90.34,f,80,120,3413.6
Спецодежда,98,S1053,"АО ""ТехКомплект-53""",18032245,0.53,90.87,f,80,120,3413.6
Спецодежда,99,S1018,"АО ""ЭпсилонТех-18""",17775515,0.52,91.39,f,80,120,3413.6
Спецодежда,100,S1066,"АО ""ВолгаТех-66""",17539630,0.51,91.90,f,80,120,3413.6
Спецодежда,101,S1092,"ООО ""МеталлТорг-92""",17285584,0.51,92.41,f,80,120,3413.6
Спецодежда,102,S1108,"ИП ""УралДеталь-108""",17259259,0.51,92.91,f,80,120,3413.6
Спецодежда,103,S1040,"ИП ""УралДеталь-40""",17150305,0.50,93.42,f,80,120,3413.6
Спецодежда,104,S1049,"АО ""СтанкоСервис-49""",17096141,0.50,93.92,f,80,120,3413.6
Спецодежда,105,S1067,"ИП ""УралДеталь-67""",16603030,0.49,94.40,f,80,120,3413.6
Спецодежда,106,S1020,"ООО ""Севергруз-20""",16566653,0.49,94.89,f,80,120,3413.6
Спецодежда,107,S1116,"ИП ""Севергруз-116""",16547829,0.48,95.37,f,80,120,3413.6
Спецодежда,108,S1062,"АО ""ПромСнаб-62""",16122428,0.47,95.85,f,80,120,3413.6
Спецодежда,109,S1042,"ООО ""УралДеталь-42""",15571617,0.46,96.30,f,80,120,3413.6
Спецодежда,110,S1074,"ООО ""ЭлектроМир-74""",14731399,0.43,96.73,f,80,120,3413.6
Спецодежда,111,S1075,"ИП ""ПромСнаб-75""",12902902,0.38,97.11,f,80,120,3413.6
Спецодежда,112,S1052,"ПАО ""УралДеталь-52""",12863780,0.38,97.49,f,80,120,3413.6
Спецодежда,113,S1010,"ПАО ""ГидроПром-10 Групп""",12725284,0.37,97.86,f,80,120,3413.6
Спецодежда,114,S1112,"ПАО ""УралДеталь-112""",12150294,0.36,98.22,f,80,120,3413.6
Спецодежда,115,S1046,"АО ""ВолгаТех-46""",11482194,0.34,98.55,f,80,120,3413.6
Спецодежда,116,S1035,"ООО ""АльфаСнаб-35""",11264573,0.33,98.88,f,80,120,3413.6
Спецодежда,117,S1045,"ООО ""ТехКомплект-45""",10847748,0.32,99.20,f,80,120,3413.6
Спецодежда,118,S1093,"АО ""УралДеталь-93""",10564401,0.31,99.51,f,80,120,3413.6
Спецодежда,119,S1014,"ИП ""ЭпсилонТех-14 Групп""",9597356,0.28,99.79,f,80,120,3413.6
Спецодежда,120,S1089,"ПАО ""АльфаСнаб-89""",7110606,0.21,100.00,f,80,120,3413.6
Фильтры,1,S1050,"ИП ""ГидроПром-50""",85651707,2.57,2.57,t,79,120,3331.2
Фильтры,2,S1094,"ПАО ""ТехКомплект-94""",54515309,1.64,4.21,t,79,120,3331.2
Фильтры,3,S1038,"ИП ""БетаТрейд-38""",54167489,1.63,5.83,t,79,120,3331.2
Фильтры,4,S1043,"ПАО ""ВолгаТех-43""",51713225,1.55,7.39,t,79,120,3331.2
Фильтры,5,S1104,"ИП ""ГидроПром-104""",49542749,1.49,8.87,t,79,120,3331.2
Фильтры,6,S1022,"ООО ""АльфаСнаб-22""",49223779,1.48,10.35,t,79,120,3331.2
Фильтры,7,S1005,"ИП ""Севергруз-5 Групп""",47537512,1.43,11.78,t,79,120,3331.2
Фильтры,8,S1069,"ПАО ""Севергруз-69""",46890584,1.41,13.19,t,79,120,3331.2
Фильтры,9,S1099,"АО ""ЭлектроМир-99""",45960245,1.38,14.57,t,79,120,3331.2
Фильтры,10,S1120,"ИП ""Севергруз-120""",43943545,1.32,15.88,t,79,120,3331.2
Фильтры,11,S1018,"АО ""ЭпсилонТех-18""",42213922,1.27,17.15,t,79,120,3331.2
Фильтры,12,S1011,"ООО ""ПромСнаб-11 Групп""",42175647,1.27,18.42,t,79,120,3331.2
Фильтры,13,S1098,"ПАО ""СтанкоСервис-98""",42166391,1.27,19.68,t,79,120,3331.2
Фильтры,14,S1115,"АО ""МеталлТорг-115""",41657183,1.25,20.93,t,79,120,3331.2
Фильтры,15,S1064,"ИП ""ВолгаТех-64""",41470942,1.24,22.18,t,79,120,3331.2
Фильтры,16,S1028,"ИП ""БетаТрейд-28""",41430443,1.24,23.42,t,79,120,3331.2
Фильтры,17,S1001,"АО ""ВолгаТех-1 Групп""",41211825,1.24,24.66,t,79,120,3331.2
Фильтры,18,S1036,"АО ""ВолгаТех-36""",41178934,1.24,25.90,t,79,120,3331.2
Фильтры,19,S1015,"ООО ""ГидроПром-15 Групп""",40282078,1.21,27.11,t,79,120,3331.2
Фильтры,20,S1030,"ИП ""ПромСнаб-30""",39884745,1.20,28.30,t,79,120,3331.2
Фильтры,21,S1051,"ИП ""ЭпсилонТех-51""",39480519,1.19,29.49,t,79,120,3331.2
Фильтры,22,S1119,"ИП ""СтанкоСервис-119""",38807318,1.16,30.65,t,79,120,3331.2
Фильтры,23,S1019,"ИП ""АльфаСнаб-19""",37579548,1.13,31.78,t,79,120,3331.2
Фильтры,24,S1108,"ИП ""УралДеталь-108""",37017233,1.11,32.89,t,79,120,3331.2
Фильтры,25,S1006,"АО ""УралДеталь-6 Групп""",35957833,1.08,33.97,t,79,120,3331.2
Фильтры,26,S1061,"ИП ""ПромСнаб-61""",35201291,1.06,35.03,t,79,120,3331.2
Фильтры,27,S1017,"ООО ""ГидроПром-17""",35193095,1.06,36.08,t,79,120,3331.2
Фильтры,28,S1110,"ООО ""ЭлектроМир-110""",34789704,1.04,37.13,t,79,120,3331.2
Фильтры,29,S1111,"ООО ""СибирьОпт-111""",34783374,1.04,38.17,t,79,120,3331.2
Фильтры,30,S1102,"ООО ""СибирьОпт-102""",34662164,1.04,39.21,t,79,120,3331.2
Фильтры,31,S1088,"ИП ""Севергруз-88""",34648801,1.04,40.25,t,79,120,3331.2
Фильтры,32,S1086,"АО ""ВолгаТех-86""",34424219,1.03,41.29,t,79,120,3331.2
Фильтры,33,S1075,"ИП ""ПромСнаб-75""",33422751,1.00,42.29,t,79,120,3331.2
Фильтры,34,S1096,"ООО ""СибирьОпт-96""",33139030,0.99,43.29,t,79,120,3331.2
Фильтры,35,S1031,"ПАО ""ЭпсилонТех-31""",32876846,0.99,44.27,t,79,120,3331.2
Фильтры,36,S1073,"ИП ""АльфаСнаб-73""",32737326,0.98,45.25,t,79,120,3331.2
Фильтры,37,S1071,"ИП ""ГаммаПром-71""",31984548,0.96,46.21,t,79,120,3331.2
Фильтры,38,S1014,"ИП ""ЭпсилонТех-14 Групп""",31785062,0.95,47.17,t,79,120,3331.2
Фильтры,39,S1046,"АО ""ВолгаТех-46""",31337023,0.94,48.11,t,79,120,3331.2
Фильтры,40,S1009,"ИП ""ДельтаЛогистик-9 Групп""",31138378,0.93,49.04,t,79,120,3331.2
Фильтры,41,S1065,"АО ""ГидроПром-65""",31115321,0.93,49.98,t,79,120,3331.2
Фильтры,42,S1082,"ПАО ""ГидроПром-82""",31038336,0.93,50.91,t,79,120,3331.2
Фильтры,43,S1004,"ПАО ""ГаммаПром-4 Групп""",30398799,0.91,51.82,t,79,120,3331.2
Фильтры,44,S1085,"ООО ""ПромСнаб-85""",30331902,0.91,52.73,t,79,120,3331.2
Фильтры,45,S1090,"ООО ""БетаТрейд-90""",30295056,0.91,53.64,t,79,120,3331.2
Фильтры,46,S1097,"ООО ""ВолгаТех-97""",30054916,0.90,54.55,t,79,120,3331.2
Фильтры,47,S1078,"ООО ""ДельтаЛогистик-78""",29992932,0.90,55.45,t,79,120,3331.2
Фильтры,48,S1116,"ИП ""Севергруз-116""",29658346,0.89,56.34,t,79,120,3331.2
Фильтры,49,S1062,"АО ""ПромСнаб-62""",29592385,0.89,57.22,t,79,120,3331.2
Фильтры,50,S1033,"АО ""ГаммаПром-33""",29485589,0.89,58.11,t,79,120,3331.2
Фильтры,51,S1106,"ИП ""ТехКомплект-106""",29484617,0.89,58.99,t,79,120,3331.2
Фильтры,52,S1057,"ПАО ""ЭлектроМир-57""",29425843,0.88,59.88,t,79,120,3331.2
Фильтры,53,S1012,"ПАО ""АльфаСнаб-12 Групп""",29089064,0.87,60.75,t,79,120,3331.2
Фильтры,54,S1070,"АО ""МеталлТорг-70""",28522576,0.86,61.61,t,79,120,3331.2
Фильтры,55,S1059,"ООО ""Севергруз-59""",28287639,0.85,62.46,t,79,120,3331.2
Фильтры,56,S1067,"ИП ""УралДеталь-67""",28048283,0.84,63.30,t,79,120,3331.2
Фильтры,57,S1020,"ООО ""Севергруз-20""",27898990,0.84,64.14,t,79,120,3331.2
Фильтры,58,S1025,"ИП ""АльфаСнаб-25""",27761747,0.83,64.97,t,79,120,3331.2
Фильтры,59,S1039,"АО ""ВолгаТех-39""",27384907,0.82,65.79,t,79,120,3331.2
Фильтры,60,S1101,"АО ""ЭлектроМир-101""",27294498,0.82,66.61,t,79,120,3331.2
Фильтры,61,S1072,"ПАО ""ЭпсилонТех-72""",27122727,0.81,67.42,t,79,120,3331.2
Фильтры,62,S1079,"ПАО ""ЭпсилонТех-79""",26604356,0.80,68.22,t,79,120,3331.2
Фильтры,63,S1118,"ООО ""СтанкоСервис-118""",26558095,0.80,69.02,t,79,120,3331.2
Фильтры,64,S1037,"ИП ""ТехКомплект-37""",26296868,0.79,69.81,t,79,120,3331.2
Фильтры,65,S1044,"АО ""ГидроПром-44""",25651336,0.77,70.58,t,79,120,3331.2
Фильтры,66,S1029,"ООО ""МеталлТорг-29""",24654730,0.74,71.32,t,79,120,3331.2
Фильтры,67,S1084,"ИП ""ДельтаЛогистик-84""",24504275,0.74,72.06,t,79,120,3331.2
Фильтры,68,S1087,"ООО ""СтанкоСервис-87""",24448189,0.73,72.79,t,79,120,3331.2
Фильтры,69,S1063,"ПАО ""СибирьОпт-63""",24236701,0.73,73.52,t,79,120,3331.2
Фильтры,70,S1076,"ООО ""МеталлТорг-76""",23886391,0.72,74.23,t,79,120,3331.2
Фильтры,71,S1016,"ПАО ""ЭпсилонТех-16""",23203541,0.70,74.93,t,79,120,3331.2
Фильтры,72,S1048,"ООО ""ДельтаЛогистик-48""",22824153,0.69,75.62,t,79,120,3331.2
Фильтры,73,S1054,"ООО ""СибирьОпт-54""",22518026,0.68,76.29,t,79,120,3331.2
Фильтры,74,S1066,"АО ""ВолгаТех-66""",22359906,0.67,76.96,t,79,120,3331.2
Фильтры,75,S1109,"ПАО ""СибирьОпт-109""",22201421,0.67,77.63,t,79,120,3331.2
Фильтры,76,S1091,"ИП ""ТехКомплект-91""",22073719,0.66,78.29,t,79,120,3331.2
Фильтры,77,S1074,"ООО ""ЭлектроМир-74""",22023437,0.66,78.95,t,79,120,3331.2
Фильтры,78,S1032,"ПАО ""Севергруз-32""",21759795,0.65,79.61,t,79,120,3331.2
Фильтры,79,S1013,"ПАО ""ГаммаПром-13 Групп""",21505690,0.65,80.25,t,79,120,3331.2
Фильтры,80,S1113,"ПАО ""СтанкоСервис-113""",21072963,0.63,80.88,f,79,120,3331.2
Фильтры,81,S1117,"ООО ""БетаТрейд-117""",20942876,0.63,81.51,f,79,120,3331.2
Фильтры,82,S1105,"АО ""АльфаСнаб-105""",20627493,0.62,82.13,f,79,120,3331.2
Фильтры,83,S1092,"ООО ""МеталлТорг-92""",20175977,0.61,82.74,f,79,120,3331.2
Фильтры,84,S1100,"ООО ""СтанкоСервис-100""",19839439,0.60,83.33,f,79,120,3331.2
Фильтры,85,S1049,"АО ""СтанкоСервис-49""",19588779,0.59,83.92,f,79,120,3331.2
Фильтры,86,S1002,"ПАО ""ЭпсилонТех-2 Групп""",19390194,0.58,84.50,f,79,120,3331.2
Фильтры,87,S1034,"АО ""СтанкоСервис-34""",19248367,0.58,85.08,f,79,120,3331.2
Фильтры,88,S1052,"ПАО ""УралДеталь-52""",18861451,0.57,85.65,f,79,120,3331.2
Фильтры,89,S1083,"ПАО ""ЭлектроМир-83""",18782450,0.56,86.21,f,79,120,3331.2
Фильтры,90,S1026,"ИП ""ЭлектроМир-26""",18682878,0.56,86.77,f,79,120,3331.2
Фильтры,91,S1093,"АО ""УралДеталь-93""",18442211,0.55,87.33,f,79,120,3331.2
Фильтры,92,S1103,"ИП ""СибирьОпт-103""",18396576,0.55,87.88,f,79,120,3331.2
Фильтры,93,S1053,"АО ""ТехКомплект-53""",18302223,0.55,88.43,f,79,120,3331.2
Фильтры,94,S1010,"ПАО ""ГидроПром-10 Групп""",17940595,0.54,88.97,f,79,120,3331.2
Фильтры,95,S1089,"ПАО ""АльфаСнаб-89""",17860301,0.54,89.50,f,79,120,3331.2
Фильтры,96,S1008,"АО ""ТехКомплект-8 Групп""",17814290,0.53,90.04,f,79,120,3331.2
Фильтры,97,S1041,"ИП ""СибирьОпт-41""",17791066,0.53,90.57,f,79,120,3331.2
Фильтры,98,S1080,"ИП ""СибирьОпт-80""",17429335,0.52,91.09,f,79,120,3331.2
Фильтры,99,S1058,"ПАО ""Севергруз-58""",17356790,0.52,91.62,f,79,120,3331.2
Фильтры,100,S1068,"ИП ""УралДеталь-68""",17225708,0.52,92.13,f,79,120,3331.2
Фильтры,101,S1023,"ИП ""Севергруз-23""",17038521,0.51,92.64,f,79,120,3331.2
Фильтры,102,S1112,"ПАО ""УралДеталь-112""",16962928,0.51,93.15,f,79,120,3331.2
Фильтры,103,S1035,"ООО ""АльфаСнаб-35""",16486150,0.49,93.65,f,79,120,3331.2
Фильтры,104,S1095,"ПАО ""ЭлектроМир-95""",16327252,0.49,94.14,f,79,120,3331.2
Фильтры,105,S1055,"АО ""ЭпсилонТех-55""",15992149,0.48,94.62,f,79,120,3331.2
Фильтры,106,S1047,"АО ""ЭлектроМир-47""",15767149,0.47,95.09,f,79,120,3331.2
Фильтры,107,S1042,"ООО ""УралДеталь-42""",14787461,0.44,95.54,f,79,120,3331.2
Фильтры,108,S1003,"АО ""МеталлТорг-3 Групп""",13853379,0.42,95.95,f,79,120,3331.2
Фильтры,109,S1021,"ПАО ""ГаммаПром-21""",13740227,0.41,96.36,f,79,120,3331.2
Фильтры,110,S1056,"ПАО ""ВолгаТех-56""",13598911,0.41,96.77,f,79,120,3331.2
Фильтры,111,S1027,"ИП ""БетаТрейд-27""",13150679,0.39,97.17,f,79,120,3331.2
Фильтры,112,S1024,"ПАО ""СибирьОпт-24""",13005116,0.39,97.56,f,79,120,3331.2
Фильтры,113,S1107,"ПАО ""БетаТрейд-107""",12102156,0.36,97.92,f,79,120,3331.2
Фильтры,114,S1077,"ИП ""ЭлектроМир-77""",11895996,0.36,98.28,f,79,120,3331.2
Фильтры,115,S1040,"ИП ""УралДеталь-40""",10871665,0.33,98.60,f,79,120,3331.2
Фильтры,116,S1060,"ООО ""ЭпсилонТех-60""",10719557,0.32,98.93,f,79,120,3331.2
Фильтры,117,S1114,"ИП ""СтанкоСервис-114""",10107084,0.30,99.23,f,79,120,3331.2
Фильтры,118,S1081,"АО ""ЭпсилонТех-81""",9245170,0.28,99.51,f,79,120,3331.2
Фильтры,119,S1007,"ПАО ""ДельтаЛогистик-7 Групп""",9159960,0.27,99.78,f,79,120,3331.2
Фильтры,120,S1045,"ООО ""ТехКомплект-45""",7264606,0.22,100.00,f,79,120,3331.2
Электрика,1,S1022,"ООО ""АльфаСнаб-22""",73757490,2.50,2.50,t,80,120,2954.8
Электрика,2,S1050,"ИП ""ГидроПром-50""",64483321,2.18,4.68,t,80,120,2954.8
Электрика,3,S1034,"АО ""СтанкоСервис-34""",50185534,1.70,6.38,t,80,120,2954.8
Электрика,4,S1001,"АО ""ВолгаТех-1 Групп""",45706546,1.55,7.92,t,80,120,2954.8
Электрика,5,S1015,"ООО ""ГидроПром-15 Групп""",43982382,1.49,9.41,t,80,120,2954.8
Электрика,6,S1073,"ИП ""АльфаСнаб-73""",42010732,1.42,10.83,t,80,120,2954.8
Электрика,7,S1036,"АО ""ВолгаТех-36""",41390536,1.40,12.23,t,80,120,2954.8
Электрика,8,S1120,"ИП ""Севергруз-120""",40071455,1.36,13.59,t,80,120,2954.8
Электрика,9,S1061,"ИП ""ПромСнаб-61""",39849468,1.35,14.94,t,80,120,2954.8
Электрика,10,S1087,"ООО ""СтанкоСервис-87""",39816634,1.35,16.29,t,80,120,2954.8
Электрика,11,S1023,"ИП ""Севергруз-23""",38370429,1.30,17.59,t,80,120,2954.8
Электрика,12,S1035,"ООО ""АльфаСнаб-35""",35569252,1.20,18.79,t,80,120,2954.8
Электрика,13,S1004,"ПАО ""ГаммаПром-4 Групп""",35375278,1.20,19.99,t,80,120,2954.8
Электрика,14,S1017,"ООО ""ГидроПром-17""",35325138,1.20,21.18,t,80,120,2954.8
Электрика,15,S1091,"ИП ""ТехКомплект-91""",35056167,1.19,22.37,t,80,120,2954.8
Электрика,16,S1033,"АО ""ГаммаПром-33""",35005830,1.18,23.55,t,80,120,2954.8
Электрика,17,S1048,"ООО ""ДельтаЛогистик-48""",34333251,1.16,24.72,t,80,120,2954.8
Электрика,18,S1105,"АО ""АльфаСнаб-105""",34143083,1.16,25.87,t,80,120,2954.8
Электрика,19,S1067,"ИП ""УралДеталь-67""",33792815,1.14,27.01,t,80,120,2954.8
Электрика,20,S1058,"ПАО ""Севергруз-58""",33300759,1.13,28.14,t,80,120,2954.8
Электрика,21,S1030,"ИП ""ПромСнаб-30""",33297282,1.13,29.27,t,80,120,2954.8
Электрика,22,S1102,"ООО ""СибирьОпт-102""",31057531,1.05,30.32,t,80,120,2954.8
Электрика,23,S1072,"ПАО ""ЭпсилонТех-72""",30711626,1.04,31.36,t,80,120,2954.8
Электрика,24,S1049,"АО ""СтанкоСервис-49""",30238727,1.02,32.38,t,80,120,2954.8
Электрика,25,S1080,"ИП ""СибирьОпт-80""",30223650,1.02,33.40,t,80,120,2954.8
Электрика,26,S1066,"АО ""ВолгаТех-66""",30137401,1.02,34.42,t,80,120,2954.8
Электрика,27,S1002,"ПАО ""ЭпсилонТех-2 Групп""",29419342,1.00,35.42,t,80,120,2954.8
Электрика,28,S1060,"ООО ""ЭпсилонТех-60""",29405162,1.00,36.42,t,80,120,2954.8
Электрика,29,S1012,"ПАО ""АльфаСнаб-12 Групп""",29353209,0.99,37.41,t,80,120,2954.8
Электрика,30,S1083,"ПАО ""ЭлектроМир-83""",29259377,0.99,38.40,t,80,120,2954.8
Электрика,31,S1109,"ПАО ""СибирьОпт-109""",29223438,0.99,39.39,t,80,120,2954.8
Электрика,32,S1090,"ООО ""БетаТрейд-90""",29083257,0.98,40.37,t,80,120,2954.8
Электрика,33,S1020,"ООО ""Севергруз-20""",28915575,0.98,41.35,t,80,120,2954.8
Электрика,34,S1040,"ИП ""УралДеталь-40""",28731334,0.97,42.32,t,80,120,2954.8
Электрика,35,S1114,"ИП ""СтанкоСервис-114""",28529469,0.97,43.29,t,80,120,2954.8
Электрика,36,S1099,"АО ""ЭлектроМир-99""",28487682,0.96,44.25,t,80,120,2954.8
Электрика,37,S1038,"ИП ""БетаТрейд-38""",28224715,0.96,45.21,t,80,120,2954.8
Электрика,38,S1095,"ПАО ""ЭлектроМир-95""",28151694,0.95,46.16,t,80,120,2954.8
Электрика,39,S1027,"ИП ""БетаТрейд-27""",28078461,0.95,47.11,t,80,120,2954.8
Электрика,40,S1107,"ПАО ""БетаТрейд-107""",27917393,0.94,48.06,t,80,120,2954.8
Электрика,41,S1104,"ИП ""ГидроПром-104""",27310446,0.92,48.98,t,80,120,2954.8
Электрика,42,S1051,"ИП ""ЭпсилонТех-51""",27270290,0.92,49.90,t,80,120,2954.8
Электрика,43,S1021,"ПАО ""ГаммаПром-21""",26857825,0.91,50.81,t,80,120,2954.8
Электрика,44,S1018,"АО ""ЭпсилонТех-18""",26703576,0.90,51.72,t,80,120,2954.8
Электрика,45,S1070,"АО ""МеталлТорг-70""",26565880,0.90,52.62,t,80,120,2954.8
Электрика,46,S1068,"ИП ""УралДеталь-68""",26360486,0.89,53.51,t,80,120,2954.8
Электрика,47,S1115,"АО ""МеталлТорг-115""",26074730,0.88,54.39,t,80,120,2954.8
Электрика,48,S1054,"ООО ""СибирьОпт-54""",25775797,0.87,55.26,t,80,120,2954.8
Электрика,49,S1096,"ООО ""СибирьОпт-96""",25368562,0.86,56.12,t,80,120,2954.8
Электрика,50,S1019,"ИП ""АльфаСнаб-19""",25282491,0.86,56.98,t,80,120,2954.8
Электрика,51,S1037,"ИП ""ТехКомплект-37""",25077410,0.85,57.82,t,80,120,2954.8
Электрика,52,S1025,"ИП ""АльфаСнаб-25""",24917113,0.84,58.67,t,80,120,2954.8
Электрика,53,S1110,"ООО ""ЭлектроМир-110""",24522046,0.83,59.50,t,80,120,2954.8
Электрика,54,S1113,"ПАО ""СтанкоСервис-113""",24395082,0.83,60.32,t,80,120,2954.8
Электрика,55,S1084,"ИП ""ДельтаЛогистик-84""",24202249,0.82,61.14,t,80,120,2954.8
Электрика,56,S1042,"ООО ""УралДеталь-42""",24037172,0.81,61.96,t,80,120,2954.8
Электрика,57,S1094,"ПАО ""ТехКомплект-94""",23970856,0.81,62.77,t,80,120,2954.8
Электрика,58,S1010,"ПАО ""ГидроПром-10 Групп""",23815128,0.81,63.57,t,80,120,2954.8
Электрика,59,S1106,"ИП ""ТехКомплект-106""",23561130,0.80,64.37,t,80,120,2954.8
Электрика,60,S1057,"ПАО ""ЭлектроМир-57""",23557431,0.80,65.17,t,80,120,2954.8
Электрика,61,S1071,"ИП ""ГаммаПром-71""",23391368,0.79,65.96,t,80,120,2954.8
Электрика,62,S1008,"АО ""ТехКомплект-8 Групп""",23365448,0.79,66.75,t,80,120,2954.8
Электрика,63,S1039,"АО ""ВолгаТех-39""",23254030,0.79,67.54,t,80,120,2954.8
Электрика,64,S1014,"ИП ""ЭпсилонТех-14 Групп""",23096011,0.78,68.32,t,80,120,2954.8
Электрика,65,S1006,"АО ""УралДеталь-6 Групп""",22987290,0.78,69.10,t,80,120,2954.8
Электрика,66,S1029,"ООО ""МеталлТорг-29""",22775045,0.77,69.87,t,80,120,2954.8
Электрика,67,S1043,"ПАО ""ВолгаТех-43""",22767292,0.77,70.64,t,80,120,2954.8
Электрика,68,S1069,"ПАО ""Севергруз-69""",22749621,0.77,71.41,t,80,120,2954.8
Электрика,69,S1088,"ИП ""Севергруз-88""",22657683,0.77,72.18,t,80,120,2954.8
Электрика,70,S1086,"АО ""ВолгаТех-86""",22514063,0.76,72.94,t,80,120,2954.8
Электрика,71,S1098,"ПАО ""СтанкоСервис-98""",22409770,0.76,73.70,t,80,120,2954.8
Электрика,72,S1011,"ООО ""ПромСнаб-11 Групп""",22354935,0.76,74.45,t,80,120,2954.8
Электрика,73,S1118,"ООО ""СтанкоСервис-118""",22226903,0.75,75.20,t,80,120,2954.8
Электрика,74,S1111,"ООО ""СибирьОпт-111""",21787919,0.74,75.94,t,80,120,2954.8
Электрика,75,S1041,"ИП ""СибирьОпт-41""",21767576,0.74,76.68,t,80,120,2954.8
Электрика,76,S1024,"ПАО ""СибирьОпт-24""",21750202,0.74,77.41,t,80,120,2954.8
Электрика,77,S1052,"ПАО ""УралДеталь-52""",21471104,0.73,78.14,t,80,120,2954.8
Электрика,78,S1085,"ООО ""ПромСнаб-85""",21235224,0.72,78.86,t,80,120,2954.8
Электрика,79,S1101,"АО ""ЭлектроМир-101""",20936068,0.71,79.57,t,80,120,2954.8
Электрика,80,S1032,"ПАО ""Севергруз-32""",20928563,0.71,80.28,t,80,120,2954.8
Электрика,81,S1013,"ПАО ""ГаммаПром-13 Групп""",20849113,0.71,80.98,f,80,120,2954.8
Электрика,82,S1031,"ПАО ""ЭпсилонТех-31""",20812546,0.70,81.69,f,80,120,2954.8
Электрика,83,S1119,"ИП ""СтанкоСервис-119""",20758650,0.70,82.39,f,80,120,2954.8
Электрика,84,S1082,"ПАО ""ГидроПром-82""",20505246,0.69,83.08,f,80,120,2954.8
Электрика,85,S1078,"ООО ""ДельтаЛогистик-78""",20086306,0.68,83.76,f,80,120,2954.8
Электрика,86,S1116,"ИП ""Севергруз-116""",19907342,0.67,84.44,f,80,120,2954.8
Электрика,87,S1074,"ООО ""ЭлектроМир-74""",19521641,0.66,85.10,f,80,120,2954.8
Электрика,88,S1075,"ИП ""ПромСнаб-75""",19505617,0.66,85.76,f,80,120,2954.8
Электрика,89,S1065,"АО ""ГидроПром-65""",17912489,0.61,86.36,f,80,120,2954.8
Электрика,90,S1005,"ИП ""Севергруз-5 Групп""",17822590,0.60,86.97,f,80,120,2954.8
Электрика,91,S1056,"ПАО ""ВолгаТех-56""",17566675,0.59,87.56,f,80,120,2954.8
Электрика,92,S1062,"АО ""ПромСнаб-62""",17292742,0.59,88.15,f,80,120,2954.8
Электрика,93,S1003,"АО ""МеталлТорг-3 Групп""",17154204,0.58,88.73,f,80,120,2954.8
Электрика,94,S1103,"ИП ""СибирьОпт-103""",16482297,0.56,89.28,f,80,120,2954.8
Электрика,95,S1093,"АО ""УралДеталь-93""",16054435,0.54,89.83,f,80,120,2954.8
Электрика,96,S1081,"АО ""ЭпсилонТех-81""",15614252,0.53,90.36,f,80,120,2954.8
Электрика,97,S1108,"ИП ""УралДеталь-108""",15598890,0.53,90.88,f,80,120,2954.8
Электрика,98,S1045,"ООО ""ТехКомплект-45""",15154592,0.51,91.40,f,80,120,2954.8
Электрика,99,S1117,"ООО ""БетаТрейд-117""",14981680,0.51,91.90,f,80,120,2954.8
Электрика,100,S1100,"ООО ""СтанкоСервис-100""",14887858,0.50,92.41,f,80,120,2954.8
Электрика,101,S1064,"ИП ""ВолгаТех-64""",14811597,0.50,92.91,f,80,120,2954.8
Электрика,102,S1055,"АО ""ЭпсилонТех-55""",14427693,0.49,93.40,f,80,120,2954.8
Электрика,103,S1077,"ИП ""ЭлектроМир-77""",13849803,0.47,93.87,f,80,120,2954.8
Электрика,104,S1112,"ПАО ""УралДеталь-112""",13763097,0.47,94.33,f,80,120,2954.8
Электрика,105,S1063,"ПАО ""СибирьОпт-63""",13571330,0.46,94.79,f,80,120,2954.8
Электрика,106,S1097,"ООО ""ВолгаТех-97""",13528271,0.46,95.25,f,80,120,2954.8
Электрика,107,S1053,"АО ""ТехКомплект-53""",13477255,0.46,95.71,f,80,120,2954.8
Электрика,108,S1076,"ООО ""МеталлТорг-76""",13147392,0.44,96.15,f,80,120,2954.8
Электрика,109,S1044,"АО ""ГидроПром-44""",12853754,0.44,96.59,f,80,120,2954.8
Электрика,110,S1026,"ИП ""ЭлектроМир-26""",12105834,0.41,97.00,f,80,120,2954.8
Электрика,111,S1046,"АО ""ВолгаТех-46""",11826763,0.40,97.40,f,80,120,2954.8
Электрика,112,S1079,"ПАО ""ЭпсилонТех-79""",11805145,0.40,97.79,f,80,120,2954.8
Электрика,113,S1089,"ПАО ""АльфаСнаб-89""",10409109,0.35,98.15,f,80,120,2954.8
Электрика,114,S1016,"ПАО ""ЭпсилонТех-16""",9689667,0.33,98.48,f,80,120,2954.8
Электрика,115,S1047,"АО ""ЭлектроМир-47""",9375242,0.32,98.79,f,80,120,2954.8
Электрика,116,S1028,"ИП ""БетаТрейд-28""",9006548,0.30,99.10,f,80,120,2954.8
Электрика,117,S1009,"ИП ""ДельтаЛогистик-9 Групп""",8864525,0.30,99.40,f,80,120,2954.8
Электрика,118,S1092,"ООО ""МеталлТорг-92""",8492346,0.29,99.68,f,80,120,2954.8
Электрика,119,S1007,"ПАО ""ДельтаЛогистик-7 Групп""",5279999,0.18,99.86,f,80,120,2954.8
Электрика,120,S1059,"ООО ""Севергруз-59""",4041829,0.14,100.00,f,80,120,2954.8
